{"json":{"version":"1.0","encoding":"utf-8"},"ns":{"sysml":"http://www.eclipse.org/syson/sysml"},"content":[{"id":"08a71433-5e48-44bf-8f9e-14a817cd3e32","eClass":"sysml:Package","data":{"declaredName":"Package 1","elementId":"f459dafc-ade4-4dc1-b45e-34d2cfb2e43e","ownedRelationship":[{"id":"a957aec2-776c-494f-863f-70fbd8728e78","eClass":"sysml:OwningMembership","data":{"elementId":"461afb8e-809c-42c3-963b-012b8f26fe96","ownedRelatedElement":[{"id":"3ec3080f-c998-4ccc-a03a-5d3eac855e20","eClass":"sysml:PartDefinition","data":{"declaredName":"Car","elementId":"f830ebab-a646-4bf6-82b9-98403cb149ab"}}]}},{"id":"c02366a0-0f79-41ed-9703-ca0ce32f91d6","eClass":"sysml:OwningMembership","data":{"elementId":"86c1a8d1-56b1-4388-aba3-402b742dd0a2","ownedRelatedElement":[{"id":"54e54568-82eb-4ff9-8466-67b3d03ab9b8","eClass":"sysml:PartDefinition","data":{"declaredName":"Bike","elementId":"de25670f-c0ce-458c-b840-40335e0d1de3"}}]}},{"id":"81db1fd6-06ce-4479-9106-64ed3f5d6558","eClass":"sysml:OwningMembership","data":{"elementId":"0d35d6e6-25dc-4027-b4d5-52119d1ff2d7","ownedRelatedElement":[{"id":"4e23afd7-0aa3-42a1-83c8-9021683b2f04","eClass":"sysml:PartDefinition","data":{"declaredName":"Train","elementId":"7cdd6809-224d-4c0a-90e6-f2f0648bb54f"}}]}}]}},{"id":"689d7aa5-072b-47e9-be05-e2e78e4d71ad","eClass":"sysml:PartDefinition","data":{"declaredName":"Vehicle","elementId":"d38c9fa4-0cf1-4d97-83c3-50150928f25b","ownedRelationship":[{"id":"b59e80dd-4be4-4735-ab10-dd9282e44da0","eClass":"sysml:FeatureMembership","data":{"elementId":"c80f958a-2e7c-4187-b670-fed71b488935","ownedRelatedElement":[{"id":"ffc8d641-aa68-4ee0-b340-822478dc3faf","eClass":"sysml:AttributeUsage","data":{"declaredName":"length","elementId":"63752581-b54e-462c-9a98-c241efce8f7a"}}]}},{"id":"b6619b86-5c0a-48e6-af59-53ddde4ebb16","eClass":"sysml:FeatureMembership","data":{"elementId":"7ceb47ed-3efb-41bd-aa0e-94e601ee145c","ownedRelatedElement":[{"id":"dd1b86ca-fbc4-414e-8c13-23bef0e88592","eClass":"sysml:AttributeUsage","data":{"declaredName":"weight","elementId":"aa4bc9d0-ed4d-46dc-b0ca-ed0b1c6136ab"}}]}},{"id":"7ac18ab5-757f-4bbc-9d0d-c83a2845941e","eClass":"sysml:Subclassification","data":{"declaredName":"specializes","elementId":"2bf390d0-bbe0-4dae-91ab-24b45641fbd3","general":"7cdd6809-224d-4c0a-90e6-f2f0648bb54f","specific":"d38c9fa4-0cf1-4d97-83c3-50150928f25b","subclassifier":"d38c9fa4-0cf1-4d97-83c3-50150928f25b","superclassifier":"7cdd6809-224d-4c0a-90e6-f2f0648bb54f"}},{"id":"819b77d3-948f-44ea-a6a0-89495bf4702c","eClass":"sysml:Subclassification","data":{"declaredName":"specializes","elementId":"162baccb-5602-4769-afca-db8ecbe55eac","general":"de25670f-c0ce-458c-b840-40335e0d1de3","specific":"d38c9fa4-0cf1-4d97-83c3-50150928f25b","subclassifier":"d38c9fa4-0cf1-4d97-83c3-50150928f25b","superclassifier":"de25670f-c0ce-458c-b840-40335e0d1de3"}},{"id":"a66810c9-fbc1-4a61-8214-7aa349717e35","eClass":"sysml:Subclassification","data":{"declaredName":"specializes","elementId":"55d1a702-5354-4ecc-840c-3de37320bdb2","general":"f830ebab-a646-4bf6-82b9-98403cb149ab","specific":"d38c9fa4-0cf1-4d97-83c3-50150928f25b","subclassifier":"d38c9fa4-0cf1-4d97-83c3-50150928f25b","superclassifier":"f830ebab-a646-4bf6-82b9-98403cb149ab"}}]}}]}