{"json":{"version":"1.0","encoding":"utf-8"},"ns":{"sysml":"http://www.eclipse.org/syson/sysml"},"content":[{"id":"76fe69a9-1912-46c4-8123-97ce24eb4a35","eClass":"sysml:Package","data":{"declaredName":"Package 1","elementId":"e30b2301-07c5-4ea6-8516-3571857edd64","ownedRelationship":[{"id":"fe2e90f6-e6e1-49e6-981d-cdb72b84e43c","eClass":"sysml:OwningMembership","data":{"elementId":"fa1419c6-c999-41a6-92d1-5b785b44c44d","ownedRelatedElement":[{"id":"85a733c2-f4a3-4d47-9ebb-ac6425012c3c","eClass":"sysml:PartDefinition","data":{"declaredName":"FlashLight","elementId":"94a3b072-ba27-4707-90ae-b45763f7cd81","ownedRelationship":[{"id":"5fd0f040-b25d-4f2b-8010-29dc90d77d3a","eClass":"sysml:FeatureMembership","data":{"elementId":"7373f51a-033a-4341-90a2-9873896fa4aa","ownedRelatedElement":[{"id":"caf98bfa-7263-40ad-91a7-614b372b0429","eClass":"sysml:PartUsage","data":{"declaredName":"Light","elementId":"4465fbc2-12ff-4dcc-8a46-ff0f30d31787","ownedRelationship":[{"id":"968e997a-903a-47fe-9329-24eb35d33dfa","eClass":"sysml:FeatureMembership","data":{"elementId":"fc5cc487-9514-4995-9137-51fa109308c9","ownedRelatedElement":[{"id":"e77b039d-5160-4310-b1cb-b724e9e3ca43","eClass":"sysml:PortUsage","data":{"declaredName":"light","elementId":"94a1c11c-0644-47cf-add0-8e4583484cc1"}}]}}]}}]}},{"id":"88fcf5e5-65fb-4089-93de-1c57d62d86d7","eClass":"sysml:FeatureMembership","data":{"elementId":"4afa6190-c197-4e99-9112-19331c8454de","ownedRelatedElement":[{"id":"c8fc9fc5-46c3-4dbf-bcc0-40171c095212","eClass":"sysml:PartUsage","data":{"declaredName":"Timer","elementId":"ee24cae4-a0ff-4dd6-98fc-3811b9a42fac","ownedRelationship":[{"id":"0773936c-5018-4e35-b322-43ee231e61e9","eClass":"sysml:FeatureMembership","data":{"elementId":"42c10880-26f7-4800-b402-a10fe85f41d4","ownedRelatedElement":[{"id":"d1427708-8ae7-4ab9-ae27-e2a8d3c168a5","eClass":"sysml:PortUsage","data":{"declaredName":"light","elementId":"6b18b0b0-88d6-410a-bf1e-689b7c740d51"}}]}},{"id":"9cf6b731-2016-410f-a682-31ecd982b058","eClass":"sysml:FeatureMembership","data":{"elementId":"664dbe79-a371-4e86-807f-a20f86c74546","ownedRelatedElement":[{"id":"f6d0b265-b6de-4f07-8976-5d6ca1479ff4","eClass":"sysml:PortUsage","data":{"declaredName":"control","elementId":"37a963b2-4056-4bcf-8eee-ba69923ade68"}}]}}]}}]}},{"id":"07d4cbfa-53c9-4046-a42d-fec0e8d4136f","eClass":"sysml:FeatureMembership","data":{"elementId":"e63824f7-0acd-4b2b-9935-a2b1ef50bae0","ownedRelatedElement":[{"id":"0f759c30-03eb-4ae8-90c0-037ec2ac5af5","eClass":"sysml:PartUsage","data":{"declaredName":"Button","elementId":"16c5741e-52cf-4509-8871-5d2e1a3ed9de","ownedRelationship":[{"id":"d076f7fa-f317-49b4-961f-162eb9742f4f","eClass":"sysml:FeatureMembership","data":{"elementId":"60d1e875-cf9d-46ab-8ca8-e12f967b0839","ownedRelatedElement":[{"id":"a129f4cc-76e3-493c-9574-72c9f71ed48c","eClass":"sysml:PortUsage","data":{"declaredName":"control","elementId":"a64cc77a-e4d4-4967-ab9b-61e391e86fff"}}]}}]}}]}}]}}]}},{"id":"4cffd254-7b71-460e-bc26-1f7973ecd62c","eClass":"sysml:OwningMembership","data":{"elementId":"ca5a57ed-91b4-41b2-a367-59ee502af599","ownedRelatedElement":[{"id":"4f61bbf7-dd95-4470-a46a-6438f837a1e9","eClass":"sysml:PortDefinition","data":{"declaredName":"PortDefinition","elementId":"c0ed803e-899e-4945-a81a-b56b823fe065"}}]}},{"id":"79000a56-4712-4270-bd46-0fad6f53b7a1","eClass":"sysml:OwningMembership","data":{"elementId":"27727eb0-b7a0-4b86-90c6-12047a1d5f4e","ownedRelatedElement":[{"id":"a8af1548-f107-49d2-a645-fc2ad7be58f3","eClass":"sysml:Dependency","data":{"declaredName":"dependency","elementId":"fde81a11-ef36-49e7-a67b-91ba8da50fe6","client":["a64cc77a-e4d4-4967-ab9b-61e391e86fff"],"supplier":["c0ed803e-899e-4945-a81a-b56b823fe065"]}}]}},{"id":"217db8e9-4158-4dc6-80d0-09b750f6736b","eClass":"sysml:OwningMembership","data":{"elementId":"0cd0d9cc-0454-462e-a696-6565859eb6ff","ownedRelatedElement":[{"id":"8e0d2241-43f7-4add-ab26-c7653ae98223","eClass":"sysml:Dependency","data":{"declaredName":"dependency","elementId":"4575d972-b776-4243-b6de-148338aca843","client":["37a963b2-4056-4bcf-8eee-ba69923ade68"],"supplier":["c0ed803e-899e-4945-a81a-b56b823fe065"]}}]}},{"id":"9072773a-5ad5-4380-ae78-2eca5b463820","eClass":"sysml:OwningMembership","data":{"elementId":"5f8b3092-a736-4c43-96cc-5a9daf7fc425","ownedRelatedElement":[{"id":"4d8a706d-8eb4-425f-b6bd-2111f9a4c99d","eClass":"sysml:Dependency","data":{"declaredName":"dependency","elementId":"d0f992a6-f718-4b04-905c-bae79e1e14d4","client":["94a1c11c-0644-47cf-add0-8e4583484cc1"],"supplier":["c0ed803e-899e-4945-a81a-b56b823fe065"]}}]}},{"id":"7439c805-1018-4773-8503-24e6ee38b055","eClass":"sysml:OwningMembership","data":{"elementId":"3a8f5eff-371a-4bad-918c-7e3f07efceb0","ownedRelatedElement":[{"id":"321eb38b-1932-4b35-9f80-6afccae6604a","eClass":"sysml:Dependency","data":{"declaredName":"dependency","elementId":"0ad51781-cb0c-4247-aa26-94eeddff4ed7","client":["6b18b0b0-88d6-410a-bf1e-689b7c740d51"],"supplier":["c0ed803e-899e-4945-a81a-b56b823fe065"]}}]}}]}}]}