{"id":"3fe53b3b-2991-40d2-a81e-ed8b0b570c91","projectId":"9febbed4-72e3-4f89-8170-d6e9d086e970","descriptionId":"siriusComponents://representationDescription?kind=diagramDescription&sourceKind=view&sourceId=8dcd14b0-6259-3193-ad2c-743f394c68e4&sourceElementId=e932123d-b916-3537-84d2-86a4f5873d93","targetObjectId":"08a71433-5e48-44bf-8f9e-14a817cd3e32","label":"General View","kind":"siriusComponents://representation?type=Diagram","representation":{"id":"3fe53b3b-2991-40d2-a81e-ed8b0b570c91","kind":"siriusComponents://representation?type=Diagram","targetObjectId":"08a71433-5e48-44bf-8f9e-14a817cd3e32","descriptionId":"siriusComponents://representationDescription?kind=diagramDescription&sourceKind=view&sourceId=8dcd14b0-6259-3193-ad2c-743f394c68e4&sourceElementId=e932123d-b916-3537-84d2-86a4f5873d93","label":"General View","position":{"x":-1.0,"y":-1.0},"size":{"width":-1.0,"height":-1.0},"nodes":[{"id":"ebde3b13-b90a-308a-b7f0-1b6ee4b872ff","type":"node:rectangle","targetObjectId":"3ec3080f-c998-4ccc-a03a-5d3eac855e20","targetObjectKind":"siriusComponents://semantic?domain=sysml&entity=PartDefinition","targetObjectLabel":"Car","descriptionId":"siriusComponents://nodeDescription?sourceKind=view&sourceId=8dcd14b0-6259-3193-ad2c-743f394c68e4&sourceElementId=f8723768-cee0-39d0-b583-25339e3c1cab","borderNode":false,"modifiers":[],"state":"Normal","collapsingState":"EXPANDED","insideLabel":{"id":"55c91f57-cf9b-382e-a1c4-67a2a40bf9e8","type":"label:inside-center","text":"«part def»\nCar","insideLabelLocation":"TOP_CENTER","position":{"x":-1.0,"y":-1.0},"size":{"width":-1.0,"height":-1.0},"alignment":{"x":-1.0,"y":-1.0},"style":{"color":"#000000","fontSize":14,"bold":false,"italic":false,"underline":false,"strikeThrough":false,"iconURL":["/icons/full/obj16/PartDefinition.svg"]},"isHeader":true,"displayHeaderSeparator":true},"outsideLabels":[],"style":{"color":"#ffffff","borderColor":"#000000","borderSize":1,"borderRadius":0,"borderStyle":"Solid"},"childrenLayoutStrategy":{"areChildNodesDraggable":false,"kind":"List"},"position":{"x":-1.0,"y":-1.0},"size":{"width":125.0,"height":60.0},"userResizable":true,"borderNodes":[],"childNodes":[{"id":"264c7a07-1401-3b83-a2cd-6a8bd7f523a5","type":"node:rectangle","targetObjectId":"3ec3080f-c998-4ccc-a03a-5d3eac855e20","targetObjectKind":"siriusComponents://semantic?domain=sysml&entity=PartDefinition","targetObjectLabel":"Car","descriptionId":"siriusComponents://nodeDescription?sourceKind=view&sourceId=8dcd14b0-6259-3193-ad2c-743f394c68e4&sourceElementId=606f91e9-a68d-3c86-93cb-14a1199b8bcd","borderNode":false,"modifiers":[],"state":"Normal","collapsingState":"EXPANDED","insideLabel":{"id":"42a08247-f87a-35d7-a1a5-da7c74eb0216","type":"label:inside-center","text":"attributes","insideLabelLocation":"TOP_CENTER","position":{"x":-1.0,"y":-1.0},"size":{"width":-1.0,"height":-1.0},"alignment":{"x":-1.0,"y":-1.0},"style":{"color":"#000000","fontSize":12,"bold":false,"italic":true,"underline":false,"strikeThrough":false,"iconURL":[]},"isHeader":true,"displayHeaderSeparator":false},"outsideLabels":[],"style":{"color":"transparent","borderColor":"#000000","borderSize":1,"borderRadius":0,"borderStyle":"Solid"},"childrenLayoutStrategy":{"areChildNodesDraggable":true,"kind":"List"},"position":{"x":-1.0,"y":-1.0},"size":{"width":125.0,"height":60.0},"userResizable":false,"borderNodes":[],"childNodes":[],"customizedProperties":[],"defaultWidth":125,"defaultHeight":60,"labelEditable":false,"pinned":false},{"id":"a73e631c-ab17-30d3-8107-19eb5ff21238","type":"node:rectangle","targetObjectId":"3ec3080f-c998-4ccc-a03a-5d3eac855e20","targetObjectKind":"siriusComponents://semantic?domain=sysml&entity=PartDefinition","targetObjectLabel":"Car","descriptionId":"siriusComponents://nodeDescription?sourceKind=view&sourceId=8dcd14b0-6259-3193-ad2c-743f394c68e4&sourceElementId=cb983386-18b4-38a6-86fe-4381ee77385b","borderNode":false,"modifiers":[],"state":"Normal","collapsingState":"EXPANDED","insideLabel":{"id":"6142595f-448f-3715-8513-91fbf0cd0492","type":"label:inside-center","text":"ports","insideLabelLocation":"TOP_CENTER","position":{"x":-1.0,"y":-1.0},"size":{"width":-1.0,"height":-1.0},"alignment":{"x":-1.0,"y":-1.0},"style":{"color":"#000000","fontSize":12,"bold":false,"italic":true,"underline":false,"strikeThrough":false,"iconURL":[]},"isHeader":true,"displayHeaderSeparator":false},"outsideLabels":[],"style":{"color":"transparent","borderColor":"#000000","borderSize":1,"borderRadius":0,"borderStyle":"Solid"},"childrenLayoutStrategy":{"areChildNodesDraggable":true,"kind":"List"},"position":{"x":-1.0,"y":-1.0},"size":{"width":125.0,"height":60.0},"userResizable":false,"borderNodes":[],"childNodes":[],"customizedProperties":[],"defaultWidth":125,"defaultHeight":60,"labelEditable":false,"pinned":false}],"customizedProperties":[],"defaultWidth":125,"defaultHeight":60,"labelEditable":true,"pinned":false},{"id":"928732ca-1f11-3007-ba45-f4f8040cb694","type":"node:rectangle","targetObjectId":"54e54568-82eb-4ff9-8466-67b3d03ab9b8","targetObjectKind":"siriusComponents://semantic?domain=sysml&entity=PartDefinition","targetObjectLabel":"Bike","descriptionId":"siriusComponents://nodeDescription?sourceKind=view&sourceId=8dcd14b0-6259-3193-ad2c-743f394c68e4&sourceElementId=f8723768-cee0-39d0-b583-25339e3c1cab","borderNode":false,"modifiers":[],"state":"Normal","collapsingState":"EXPANDED","insideLabel":{"id":"ae19b625-3df7-33d4-9191-0a7c59bb6b63","type":"label:inside-center","text":"«part def»\nBike","insideLabelLocation":"TOP_CENTER","position":{"x":-1.0,"y":-1.0},"size":{"width":-1.0,"height":-1.0},"alignment":{"x":-1.0,"y":-1.0},"style":{"color":"#000000","fontSize":14,"bold":false,"italic":false,"underline":false,"strikeThrough":false,"iconURL":["/icons/full/obj16/PartDefinition.svg"]},"isHeader":true,"displayHeaderSeparator":true},"outsideLabels":[],"style":{"color":"#ffffff","borderColor":"#000000","borderSize":1,"borderRadius":0,"borderStyle":"Solid"},"childrenLayoutStrategy":{"areChildNodesDraggable":false,"kind":"List"},"position":{"x":-1.0,"y":-1.0},"size":{"width":125.0,"height":60.0},"userResizable":true,"borderNodes":[],"childNodes":[{"id":"7afce50f-68d4-314c-9f35-f5277c74f311","type":"node:rectangle","targetObjectId":"54e54568-82eb-4ff9-8466-67b3d03ab9b8","targetObjectKind":"siriusComponents://semantic?domain=sysml&entity=PartDefinition","targetObjectLabel":"Bike","descriptionId":"siriusComponents://nodeDescription?sourceKind=view&sourceId=8dcd14b0-6259-3193-ad2c-743f394c68e4&sourceElementId=606f91e9-a68d-3c86-93cb-14a1199b8bcd","borderNode":false,"modifiers":[],"state":"Normal","collapsingState":"EXPANDED","insideLabel":{"id":"c0678d8e-d725-355d-9d43-7cae2a6d9424","type":"label:inside-center","text":"attributes","insideLabelLocation":"TOP_CENTER","position":{"x":-1.0,"y":-1.0},"size":{"width":-1.0,"height":-1.0},"alignment":{"x":-1.0,"y":-1.0},"style":{"color":"#000000","fontSize":12,"bold":false,"italic":true,"underline":false,"strikeThrough":false,"iconURL":[]},"isHeader":true,"displayHeaderSeparator":false},"outsideLabels":[],"style":{"color":"transparent","borderColor":"#000000","borderSize":1,"borderRadius":0,"borderStyle":"Solid"},"childrenLayoutStrategy":{"areChildNodesDraggable":true,"kind":"List"},"position":{"x":-1.0,"y":-1.0},"size":{"width":125.0,"height":60.0},"userResizable":false,"borderNodes":[],"childNodes":[],"customizedProperties":[],"defaultWidth":125,"defaultHeight":60,"labelEditable":false,"pinned":false},{"id":"b0fb603b-7744-387e-a3c6-0fb150dfafda","type":"node:rectangle","targetObjectId":"54e54568-82eb-4ff9-8466-67b3d03ab9b8","targetObjectKind":"siriusComponents://semantic?domain=sysml&entity=PartDefinition","targetObjectLabel":"Bike","descriptionId":"siriusComponents://nodeDescription?sourceKind=view&sourceId=8dcd14b0-6259-3193-ad2c-743f394c68e4&sourceElementId=cb983386-18b4-38a6-86fe-4381ee77385b","borderNode":false,"modifiers":[],"state":"Normal","collapsingState":"EXPANDED","insideLabel":{"id":"1d8c0257-524c-31e2-ab27-27944a9c3c46","type":"label:inside-center","text":"ports","insideLabelLocation":"TOP_CENTER","position":{"x":-1.0,"y":-1.0},"size":{"width":-1.0,"height":-1.0},"alignment":{"x":-1.0,"y":-1.0},"style":{"color":"#000000","fontSize":12,"bold":false,"italic":true,"underline":false,"strikeThrough":false,"iconURL":[]},"isHeader":true,"displayHeaderSeparator":false},"outsideLabels":[],"style":{"color":"transparent","borderColor":"#000000","borderSize":1,"borderRadius":0,"borderStyle":"Solid"},"childrenLayoutStrategy":{"areChildNodesDraggable":true,"kind":"List"},"position":{"x":-1.0,"y":-1.0},"size":{"width":125.0,"height":60.0},"userResizable":false,"borderNodes":[],"childNodes":[],"customizedProperties":[],"defaultWidth":125,"defaultHeight":60,"labelEditable":false,"pinned":false}],"customizedProperties":[],"defaultWidth":125,"defaultHeight":60,"labelEditable":true,"pinned":false},{"id":"5d0a4496-6eaf-3c12-8205-1033f3445acd","type":"node:rectangle","targetObjectId":"4e23afd7-0aa3-42a1-83c8-9021683b2f04","targetObjectKind":"siriusComponents://semantic?domain=sysml&entity=PartDefinition","targetObjectLabel":"Train","descriptionId":"siriusComponents://nodeDescription?sourceKind=view&sourceId=8dcd14b0-6259-3193-ad2c-743f394c68e4&sourceElementId=f8723768-cee0-39d0-b583-25339e3c1cab","borderNode":false,"modifiers":[],"state":"Normal","collapsingState":"EXPANDED","insideLabel":{"id":"f4e1cd2d-6e31-3d01-8cff-89a5b49bb916","type":"label:inside-center","text":"«part def»\nTrain","insideLabelLocation":"TOP_CENTER","position":{"x":-1.0,"y":-1.0},"size":{"width":-1.0,"height":-1.0},"alignment":{"x":-1.0,"y":-1.0},"style":{"color":"#000000","fontSize":14,"bold":false,"italic":false,"underline":false,"strikeThrough":false,"iconURL":["/icons/full/obj16/PartDefinition.svg"]},"isHeader":true,"displayHeaderSeparator":true},"outsideLabels":[],"style":{"color":"#ffffff","borderColor":"#000000","borderSize":1,"borderRadius":0,"borderStyle":"Solid"},"childrenLayoutStrategy":{"areChildNodesDraggable":false,"kind":"List"},"position":{"x":-1.0,"y":-1.0},"size":{"width":125.0,"height":60.0},"userResizable":true,"borderNodes":[],"childNodes":[{"id":"63a3e45b-d7b3-3977-b2fb-f881793c545b","type":"node:rectangle","targetObjectId":"4e23afd7-0aa3-42a1-83c8-9021683b2f04","targetObjectKind":"siriusComponents://semantic?domain=sysml&entity=PartDefinition","targetObjectLabel":"Train","descriptionId":"siriusComponents://nodeDescription?sourceKind=view&sourceId=8dcd14b0-6259-3193-ad2c-743f394c68e4&sourceElementId=606f91e9-a68d-3c86-93cb-14a1199b8bcd","borderNode":false,"modifiers":[],"state":"Normal","collapsingState":"EXPANDED","insideLabel":{"id":"6a97bc6e-126a-354e-b677-8827b63bf66e","type":"label:inside-center","text":"attributes","insideLabelLocation":"TOP_CENTER","position":{"x":-1.0,"y":-1.0},"size":{"width":-1.0,"height":-1.0},"alignment":{"x":-1.0,"y":-1.0},"style":{"color":"#000000","fontSize":12,"bold":false,"italic":true,"underline":false,"strikeThrough":false,"iconURL":[]},"isHeader":true,"displayHeaderSeparator":false},"outsideLabels":[],"style":{"color":"transparent","borderColor":"#000000","borderSize":1,"borderRadius":0,"borderStyle":"Solid"},"childrenLayoutStrategy":{"areChildNodesDraggable":true,"kind":"List"},"position":{"x":-1.0,"y":-1.0},"size":{"width":125.0,"height":60.0},"userResizable":false,"borderNodes":[],"childNodes":[],"customizedProperties":[],"defaultWidth":125,"defaultHeight":60,"labelEditable":false,"pinned":false},{"id":"08102a78-a511-3afc-a83b-5ceac9deb838","type":"node:rectangle","targetObjectId":"4e23afd7-0aa3-42a1-83c8-9021683b2f04","targetObjectKind":"siriusComponents://semantic?domain=sysml&entity=PartDefinition","targetObjectLabel":"Train","descriptionId":"siriusComponents://nodeDescription?sourceKind=view&sourceId=8dcd14b0-6259-3193-ad2c-743f394c68e4&sourceElementId=cb983386-18b4-38a6-86fe-4381ee77385b","borderNode":false,"modifiers":[],"state":"Normal","collapsingState":"EXPANDED","insideLabel":{"id":"3d1b698a-b6b3-3608-bcb6-5b0cf4ade823","type":"label:inside-center","text":"ports","insideLabelLocation":"TOP_CENTER","position":{"x":-1.0,"y":-1.0},"size":{"width":-1.0,"height":-1.0},"alignment":{"x":-1.0,"y":-1.0},"style":{"color":"#000000","fontSize":12,"bold":false,"italic":true,"underline":false,"strikeThrough":false,"iconURL":[]},"isHeader":true,"displayHeaderSeparator":false},"outsideLabels":[],"style":{"color":"transparent","borderColor":"#000000","borderSize":1,"borderRadius":0,"borderStyle":"Solid"},"childrenLayoutStrategy":{"areChildNodesDraggable":true,"kind":"List"},"position":{"x":-1.0,"y":-1.0},"size":{"width":125.0,"height":60.0},"userResizable":false,"borderNodes":[],"childNodes":[],"customizedProperties":[],"defaultWidth":125,"defaultHeight":60,"labelEditable":false,"pinned":false}],"customizedProperties":[],"defaultWidth":125,"defaultHeight":60,"labelEditable":true,"pinned":false},{"id":"2af7dbfd-68d3-3b2c-868f-c80d01d608c7","type":"node:rectangle","targetObjectId":"689d7aa5-072b-47e9-be05-e2e78e4d71ad","targetObjectKind":"siriusComponents://semantic?domain=sysml&entity=PartDefinition","targetObjectLabel":"Vehicle","descriptionId":"siriusComponents://nodeDescription?sourceKind=view&sourceId=8dcd14b0-6259-3193-ad2c-743f394c68e4&sourceElementId=f8723768-cee0-39d0-b583-25339e3c1cab","borderNode":false,"modifiers":[],"state":"Normal","collapsingState":"EXPANDED","insideLabel":{"id":"1f27bcb6-809a-3673-b9b4-2ca380c90991","type":"label:inside-center","text":"«part def»\nVehicle :> Train","insideLabelLocation":"TOP_CENTER","position":{"x":-1.0,"y":-1.0},"size":{"width":-1.0,"height":-1.0},"alignment":{"x":-1.0,"y":-1.0},"style":{"color":"#000000","fontSize":14,"bold":false,"italic":false,"underline":false,"strikeThrough":false,"iconURL":["/icons/full/obj16/PartDefinition.svg"]},"isHeader":true,"displayHeaderSeparator":true},"outsideLabels":[],"style":{"color":"#ffffff","borderColor":"#000000","borderSize":1,"borderRadius":0,"borderStyle":"Solid"},"childrenLayoutStrategy":{"areChildNodesDraggable":false,"kind":"List"},"position":{"x":-1.0,"y":-1.0},"size":{"width":125.0,"height":60.0},"userResizable":true,"borderNodes":[],"childNodes":[{"id":"eb962472-a4ee-3c47-b41f-65abc4d7e64f","type":"node:rectangle","targetObjectId":"689d7aa5-072b-47e9-be05-e2e78e4d71ad","targetObjectKind":"siriusComponents://semantic?domain=sysml&entity=PartDefinition","targetObjectLabel":"Vehicle","descriptionId":"siriusComponents://nodeDescription?sourceKind=view&sourceId=8dcd14b0-6259-3193-ad2c-743f394c68e4&sourceElementId=606f91e9-a68d-3c86-93cb-14a1199b8bcd","borderNode":false,"modifiers":[],"state":"Normal","collapsingState":"EXPANDED","insideLabel":{"id":"7fc1c2f8-dcbf-3388-8659-3c1344e1735e","type":"label:inside-center","text":"attributes","insideLabelLocation":"TOP_CENTER","position":{"x":-1.0,"y":-1.0},"size":{"width":-1.0,"height":-1.0},"alignment":{"x":-1.0,"y":-1.0},"style":{"color":"#000000","fontSize":12,"bold":false,"italic":true,"underline":false,"strikeThrough":false,"iconURL":[]},"isHeader":true,"displayHeaderSeparator":false},"outsideLabels":[],"style":{"color":"transparent","borderColor":"#000000","borderSize":1,"borderRadius":0,"borderStyle":"Solid"},"childrenLayoutStrategy":{"areChildNodesDraggable":true,"kind":"List"},"position":{"x":-1.0,"y":-1.0},"size":{"width":125.0,"height":60.0},"userResizable":false,"borderNodes":[],"childNodes":[{"id":"2d837be0-f183-30ad-8667-483aed5ba711","type":"node:icon-label","targetObjectId":"ffc8d641-aa68-4ee0-b340-822478dc3faf","targetObjectKind":"siriusComponents://semantic?domain=sysml&entity=AttributeUsage","targetObjectLabel":"length","descriptionId":"siriusComponents://nodeDescription?sourceKind=view&sourceId=8dcd14b0-6259-3193-ad2c-743f394c68e4&sourceElementId=9645b740-0f5a-37b6-9aaa-568e12f533e1","borderNode":false,"modifiers":[],"state":"Normal","collapsingState":"EXPANDED","insideLabel":{"id":"0b882a29-2279-377a-8586-00435bca1942","type":"label:inside-center","text":"length","insideLabelLocation":"TOP_CENTER","position":{"x":-1.0,"y":-1.0},"size":{"width":-1.0,"height":-1.0},"alignment":{"x":-1.0,"y":-1.0},"style":{"color":"#000000","fontSize":14,"bold":false,"italic":false,"underline":false,"strikeThrough":false,"iconURL":["/icons/full/obj16/AttributeUsage.svg"]},"isHeader":false,"displayHeaderSeparator":false},"outsideLabels":[],"style":{"backgroundColor":"transparent"},"childrenLayoutStrategy":null,"position":{"x":-1.0,"y":-1.0},"size":{"width":125.0,"height":15.0},"userResizable":false,"borderNodes":[],"childNodes":[],"customizedProperties":[],"defaultWidth":125,"defaultHeight":15,"labelEditable":true,"pinned":false},{"id":"05ee354b-f250-3b6b-bfa8-71f5131f2d9f","type":"node:icon-label","targetObjectId":"dd1b86ca-fbc4-414e-8c13-23bef0e88592","targetObjectKind":"siriusComponents://semantic?domain=sysml&entity=AttributeUsage","targetObjectLabel":"weight","descriptionId":"siriusComponents://nodeDescription?sourceKind=view&sourceId=8dcd14b0-6259-3193-ad2c-743f394c68e4&sourceElementId=9645b740-0f5a-37b6-9aaa-568e12f533e1","borderNode":false,"modifiers":[],"state":"Normal","collapsingState":"EXPANDED","insideLabel":{"id":"e770350e-e822-3fc9-9fd5-eaff7790b8d9","type":"label:inside-center","text":"weight","insideLabelLocation":"TOP_CENTER","position":{"x":-1.0,"y":-1.0},"size":{"width":-1.0,"height":-1.0},"alignment":{"x":-1.0,"y":-1.0},"style":{"color":"#000000","fontSize":14,"bold":false,"italic":false,"underline":false,"strikeThrough":false,"iconURL":["/icons/full/obj16/AttributeUsage.svg"]},"isHeader":false,"displayHeaderSeparator":false},"outsideLabels":[],"style":{"backgroundColor":"transparent"},"childrenLayoutStrategy":null,"position":{"x":-1.0,"y":-1.0},"size":{"width":125.0,"height":15.0},"userResizable":false,"borderNodes":[],"childNodes":[],"customizedProperties":[],"defaultWidth":125,"defaultHeight":15,"labelEditable":true,"pinned":false}],"customizedProperties":[],"defaultWidth":125,"defaultHeight":60,"labelEditable":false,"pinned":false},{"id":"9e271255-fcdc-38fd-8c0e-ea342fa38cca","type":"node:rectangle","targetObjectId":"689d7aa5-072b-47e9-be05-e2e78e4d71ad","targetObjectKind":"siriusComponents://semantic?domain=sysml&entity=PartDefinition","targetObjectLabel":"Vehicle","descriptionId":"siriusComponents://nodeDescription?sourceKind=view&sourceId=8dcd14b0-6259-3193-ad2c-743f394c68e4&sourceElementId=cb983386-18b4-38a6-86fe-4381ee77385b","borderNode":false,"modifiers":[],"state":"Normal","collapsingState":"EXPANDED","insideLabel":{"id":"ca572400-7d62-33e2-9f8c-58f4ce4eb94a","type":"label:inside-center","text":"ports","insideLabelLocation":"TOP_CENTER","position":{"x":-1.0,"y":-1.0},"size":{"width":-1.0,"height":-1.0},"alignment":{"x":-1.0,"y":-1.0},"style":{"color":"#000000","fontSize":12,"bold":false,"italic":true,"underline":false,"strikeThrough":false,"iconURL":[]},"isHeader":true,"displayHeaderSeparator":false},"outsideLabels":[],"style":{"color":"transparent","borderColor":"#000000","borderSize":1,"borderRadius":0,"borderStyle":"Solid"},"childrenLayoutStrategy":{"areChildNodesDraggable":true,"kind":"List"},"position":{"x":-1.0,"y":-1.0},"size":{"width":125.0,"height":60.0},"userResizable":false,"borderNodes":[],"childNodes":[],"customizedProperties":[],"defaultWidth":125,"defaultHeight":60,"labelEditable":false,"pinned":false}],"customizedProperties":[],"defaultWidth":125,"defaultHeight":60,"labelEditable":true,"pinned":false}],"edges":[{"id":"067515d0-6622-3ab9-bfd3-57f9c5538a19","type":"edge:straight","targetObjectId":"7ac18ab5-757f-4bbc-9d0d-c83a2845941e","targetObjectKind":"siriusComponents://semantic?domain=sysml&entity=Subclassification","targetObjectLabel":"specializes","descriptionId":"siriusComponents://edgeDescription?sourceKind=view&sourceId=8dcd14b0-6259-3193-ad2c-743f394c68e4&sourceElementId=cf42339d-5618-3bf4-b4ca-1a15feb72aab","beginLabel":null,"centerLabel":null,"endLabel":null,"sourceId":"2af7dbfd-68d3-3b2c-868f-c80d01d608c7","targetId":"5d0a4496-6eaf-3c12-8205-1033f3445acd","modifiers":[],"state":"Normal","style":{"size":1,"lineStyle":"Solid","sourceArrow":"None","targetArrow":"InputClosedArrow","color":"#000000"},"routingPoints":[],"sourceAnchorRelativePosition":{"x":-1.0,"y":-1.0},"targetAnchorRelativePosition":{"x":-1.0,"y":-1.0},"centerLabelEditable":false},{"id":"aead479d-eeb7-3f15-9843-cd65dec0d743","type":"edge:straight","targetObjectId":"819b77d3-948f-44ea-a6a0-89495bf4702c","targetObjectKind":"siriusComponents://semantic?domain=sysml&entity=Subclassification","targetObjectLabel":"specializes","descriptionId":"siriusComponents://edgeDescription?sourceKind=view&sourceId=8dcd14b0-6259-3193-ad2c-743f394c68e4&sourceElementId=cf42339d-5618-3bf4-b4ca-1a15feb72aab","beginLabel":null,"centerLabel":null,"endLabel":null,"sourceId":"2af7dbfd-68d3-3b2c-868f-c80d01d608c7","targetId":"928732ca-1f11-3007-ba45-f4f8040cb694","modifiers":[],"state":"Normal","style":{"size":1,"lineStyle":"Solid","sourceArrow":"None","targetArrow":"InputClosedArrow","color":"#000000"},"routingPoints":[],"sourceAnchorRelativePosition":{"x":-1.0,"y":-1.0},"targetAnchorRelativePosition":{"x":-1.0,"y":-1.0},"centerLabelEditable":false},{"id":"bfb761a4-c43a-388c-ade2-82913534814e","type":"edge:straight","targetObjectId":"a66810c9-fbc1-4a61-8214-7aa349717e35","targetObjectKind":"siriusComponents://semantic?domain=sysml&entity=Subclassification","targetObjectLabel":"specializes","descriptionId":"siriusComponents://edgeDescription?sourceKind=view&sourceId=8dcd14b0-6259-3193-ad2c-743f394c68e4&sourceElementId=cf42339d-5618-3bf4-b4ca-1a15feb72aab","beginLabel":null,"centerLabel":null,"endLabel":null,"sourceId":"2af7dbfd-68d3-3b2c-868f-c80d01d608c7","targetId":"ebde3b13-b90a-308a-b7f0-1b6ee4b872ff","modifiers":[],"state":"Normal","style":{"size":1,"lineStyle":"Solid","sourceArrow":"None","targetArrow":"InputClosedArrow","color":"#000000"},"routingPoints":[],"sourceAnchorRelativePosition":{"x":-1.0,"y":-1.0},"targetAnchorRelativePosition":{"x":-1.0,"y":-1.0},"centerLabelEditable":false}],"layoutData":{"nodeLayoutData":{"2d837be0-f183-30ad-8667-483aed5ba711":{"id":"2d837be0-f183-30ad-8667-483aed5ba711","position":{"x":0.740741,"y":33.88889239770508},"size":{"width":154.45602416992188,"height":20.023149490356445},"resizedByUser":false},"b0fb603b-7744-387e-a3c6-0fb150dfafda":{"id":"b0fb603b-7744-387e-a3c6-0fb150dfafda","position":{"x":0.740741,"y":117.52315066796875},"size":{"width":125.0,"height":60.0},"resizedByUser":false},"ebde3b13-b90a-308a-b7f0-1b6ee4b872ff":{"id":"ebde3b13-b90a-308a-b7f0-1b6ee4b872ff","position":{"x":413.28412612102557,"y":206.10353280335147},"size":{"width":126.481482,"height":178.26389166796878},"resizedByUser":false},"928732ca-1f11-3007-ba45-f4f8040cb694":{"id":"928732ca-1f11-3007-ba45-f4f8040cb694","position":{"x":268.0,"y":12.0},"size":{"width":126.481482,"height":178.26389166796878},"resizedByUser":false},"05ee354b-f250-3b6b-bfa8-71f5131f2d9f":{"id":"05ee354b-f250-3b6b-bfa8-71f5131f2d9f","position":{"x":0.740741,"y":53.91204188806152},"size":{"width":154.45602416992188,"height":20.023149490356445},"resizedByUser":false},"2af7dbfd-68d3-3b2c-868f-c80d01d608c7":{"id":"2af7dbfd-68d3-3b2c-868f-c80d01d608c7","position":{"x":12.0,"y":66.0},"size":{"width":155.93750616992187,"height":192.93982404638672},"resizedByUser":true},"a73e631c-ab17-30d3-8107-19eb5ff21238":{"id":"a73e631c-ab17-30d3-8107-19eb5ff21238","position":{"x":0.740741,"y":117.52315066796875},"size":{"width":125.0,"height":60.0},"resizedByUser":false},"7afce50f-68d4-314c-9f35-f5277c74f311":{"id":"7afce50f-68d4-314c-9f35-f5277c74f311","position":{"x":0.740741,"y":57.52315066796875},"size":{"width":125.0,"height":60.0},"resizedByUser":false},"08102a78-a511-3afc-a83b-5ceac9deb838":{"id":"08102a78-a511-3afc-a83b-5ceac9deb838","position":{"x":0.740741,"y":117.52315066796875},"size":{"width":125.0,"height":60.0},"resizedByUser":false},"264c7a07-1401-3b83-a2cd-6a8bd7f523a5":{"id":"264c7a07-1401-3b83-a2cd-6a8bd7f523a5","position":{"x":0.740741,"y":57.52315066796875},"size":{"width":125.0,"height":60.0},"resizedByUser":false},"63a3e45b-d7b3-3977-b2fb-f881793c545b":{"id":"63a3e45b-d7b3-3977-b2fb-f881793c545b","position":{"x":0.740741,"y":57.52315066796875},"size":{"width":125.0,"height":60.0},"resizedByUser":false},"eb962472-a4ee-3c47-b41f-65abc4d7e64f":{"id":"eb962472-a4ee-3c47-b41f-65abc4d7e64f","position":{"x":0.740741,"y":57.52315066796875},"size":{"width":154.45602416992188,"height":74.67593237841797},"resizedByUser":false},"5d0a4496-6eaf-3c12-8205-1033f3445acd":{"id":"5d0a4496-6eaf-3c12-8205-1033f3445acd","position":{"x":149.31719274620457,"y":475.1592756326637},"size":{"width":126.481482,"height":178.26389166796878},"resizedByUser":false},"9e271255-fcdc-38fd-8c0e-ea342fa38cca":{"id":"9e271255-fcdc-38fd-8c0e-ea342fa38cca","position":{"x":0.740741,"y":132.1990830463867},"size":{"width":154.45602416992188,"height":60.0},"resizedByUser":false}},"edgeLayoutData":{},"labelLayoutData":{}}}}