{"id":"527936ff-344b-4b4d-a8f1-4c2add873981","projectId":"9febbed4-72e3-4f89-8170-d6e9d086e970","descriptionId":"siriusComponents://representationDescription?kind=diagramDescription&sourceKind=view&sourceId=8dcd14b0-6259-3193-ad2c-743f394c68e4&sourceElementId=e932123d-b916-3537-84d2-86a4f5873d93","targetObjectId":"76fe69a9-1912-46c4-8123-97ce24eb4a35","label":"General View","kind":"siriusComponents://representation?type=Diagram","representation":{"id":"527936ff-344b-4b4d-a8f1-4c2add873981","kind":"siriusComponents://representation?type=Diagram","targetObjectId":"76fe69a9-1912-46c4-8123-97ce24eb4a35","descriptionId":"siriusComponents://representationDescription?kind=diagramDescription&sourceKind=view&sourceId=8dcd14b0-6259-3193-ad2c-743f394c68e4&sourceElementId=e932123d-b916-3537-84d2-86a4f5873d93","label":"General View","position":{"x":-1.0,"y":-1.0},"size":{"width":-1.0,"height":-1.0},"nodes":[{"id":"7a8778c7-d459-393a-b3d1-76482a1480c0","type":"node:rectangle","targetObjectId":"85a733c2-f4a3-4d47-9ebb-ac6425012c3c","targetObjectKind":"siriusComponents://semantic?domain=sysml&entity=PartDefinition","targetObjectLabel":"FlashLight","descriptionId":"siriusComponents://nodeDescription?sourceKind=view&sourceId=8dcd14b0-6259-3193-ad2c-743f394c68e4&sourceElementId=f8723768-cee0-39d0-b583-25339e3c1cab","borderNode":false,"modifiers":[],"state":"Normal","collapsingState":"EXPANDED","insideLabel":{"id":"a526e34e-927d-328d-ad38-e1d3ebd35d0f","type":"label:inside-center","text":"«part def»\nFlashLight","insideLabelLocation":"TOP_CENTER","position":{"x":-1.0,"y":-1.0},"size":{"width":-1.0,"height":-1.0},"alignment":{"x":-1.0,"y":-1.0},"style":{"color":"#000000","fontSize":14,"bold":false,"italic":false,"underline":false,"strikeThrough":false,"iconURL":["/icons/full/obj16/PartDefinition.svg"]},"isHeader":true,"displayHeaderSeparator":true},"outsideLabels":[],"style":{"color":"#ffffff","borderColor":"#000000","borderSize":1,"borderRadius":0,"borderStyle":"Solid"},"childrenLayoutStrategy":{"areChildNodesDraggable":false,"kind":"List"},"position":{"x":-1.0,"y":-1.0},"size":{"width":125.0,"height":60.0},"userResizable":true,"borderNodes":[],"childNodes":[{"id":"4ef26efc-2a6b-3226-8c03-01d126a1ccab","type":"node:rectangle","targetObjectId":"85a733c2-f4a3-4d47-9ebb-ac6425012c3c","targetObjectKind":"siriusComponents://semantic?domain=sysml&entity=PartDefinition","targetObjectLabel":"FlashLight","descriptionId":"siriusComponents://nodeDescription?sourceKind=view&sourceId=8dcd14b0-6259-3193-ad2c-743f394c68e4&sourceElementId=606f91e9-a68d-3c86-93cb-14a1199b8bcd","borderNode":false,"modifiers":[],"state":"Normal","collapsingState":"EXPANDED","insideLabel":{"id":"3b8a3cfd-b841-3a26-bfe7-a9350beadc37","type":"label:inside-center","text":"attributes","insideLabelLocation":"TOP_CENTER","position":{"x":-1.0,"y":-1.0},"size":{"width":-1.0,"height":-1.0},"alignment":{"x":-1.0,"y":-1.0},"style":{"color":"#000000","fontSize":12,"bold":false,"italic":true,"underline":false,"strikeThrough":false,"iconURL":[]},"isHeader":true,"displayHeaderSeparator":false},"outsideLabels":[],"style":{"color":"transparent","borderColor":"#000000","borderSize":1,"borderRadius":0,"borderStyle":"Solid"},"childrenLayoutStrategy":{"areChildNodesDraggable":true,"kind":"List"},"position":{"x":-1.0,"y":-1.0},"size":{"width":125.0,"height":60.0},"userResizable":false,"borderNodes":[],"childNodes":[],"customizedProperties":[],"defaultWidth":125,"defaultHeight":60,"labelEditable":false,"pinned":false},{"id":"cfbec62d-8202-31d8-b1f4-5b758d34ebd1","type":"node:rectangle","targetObjectId":"85a733c2-f4a3-4d47-9ebb-ac6425012c3c","targetObjectKind":"siriusComponents://semantic?domain=sysml&entity=PartDefinition","targetObjectLabel":"FlashLight","descriptionId":"siriusComponents://nodeDescription?sourceKind=view&sourceId=8dcd14b0-6259-3193-ad2c-743f394c68e4&sourceElementId=cb983386-18b4-38a6-86fe-4381ee77385b","borderNode":false,"modifiers":[],"state":"Normal","collapsingState":"EXPANDED","insideLabel":{"id":"dbf95e9e-6bfd-36fa-bd58-641a6d9dfd84","type":"label:inside-center","text":"ports","insideLabelLocation":"TOP_CENTER","position":{"x":-1.0,"y":-1.0},"size":{"width":-1.0,"height":-1.0},"alignment":{"x":-1.0,"y":-1.0},"style":{"color":"#000000","fontSize":12,"bold":false,"italic":true,"underline":false,"strikeThrough":false,"iconURL":[]},"isHeader":true,"displayHeaderSeparator":false},"outsideLabels":[],"style":{"color":"transparent","borderColor":"#000000","borderSize":1,"borderRadius":0,"borderStyle":"Solid"},"childrenLayoutStrategy":{"areChildNodesDraggable":true,"kind":"List"},"position":{"x":-1.0,"y":-1.0},"size":{"width":125.0,"height":60.0},"userResizable":false,"borderNodes":[],"childNodes":[],"customizedProperties":[],"defaultWidth":125,"defaultHeight":60,"labelEditable":false,"pinned":false}],"customizedProperties":[],"defaultWidth":125,"defaultHeight":60,"labelEditable":true,"pinned":false},{"id":"27ffd1ae-328e-38e6-a238-44ab09237974","type":"node:rectangle","targetObjectId":"caf98bfa-7263-40ad-91a7-614b372b0429","targetObjectKind":"siriusComponents://semantic?domain=sysml&entity=PartUsage","targetObjectLabel":"Light","descriptionId":"siriusComponents://nodeDescription?sourceKind=view&sourceId=8dcd14b0-6259-3193-ad2c-743f394c68e4&sourceElementId=4de8539b-e23a-3a2c-a742-2d4051a5b3b6","borderNode":false,"modifiers":[],"state":"Normal","collapsingState":"EXPANDED","insideLabel":{"id":"ed0fd530-a868-3209-a359-ae4f6ed75f11","type":"label:inside-center","text":"«part»\nLight","insideLabelLocation":"TOP_CENTER","position":{"x":-1.0,"y":-1.0},"size":{"width":-1.0,"height":-1.0},"alignment":{"x":-1.0,"y":-1.0},"style":{"color":"#000000","fontSize":14,"bold":false,"italic":false,"underline":false,"strikeThrough":false,"iconURL":["/icons/full/obj16/PartUsage.svg"]},"isHeader":true,"displayHeaderSeparator":true},"outsideLabels":[],"style":{"color":"#ffffff","borderColor":"#000000","borderSize":1,"borderRadius":10,"borderStyle":"Solid"},"childrenLayoutStrategy":{"areChildNodesDraggable":false,"kind":"List"},"position":{"x":-1.0,"y":-1.0},"size":{"width":125.0,"height":60.0},"userResizable":true,"borderNodes":[],"childNodes":[{"id":"df6ee452-7382-3bef-b67c-27f099b7bec8","type":"node:rectangle","targetObjectId":"caf98bfa-7263-40ad-91a7-614b372b0429","targetObjectKind":"siriusComponents://semantic?domain=sysml&entity=PartUsage","targetObjectLabel":"Light","descriptionId":"siriusComponents://nodeDescription?sourceKind=view&sourceId=8dcd14b0-6259-3193-ad2c-743f394c68e4&sourceElementId=5424117f-36bb-3b74-bd99-e7e2efeed6c8","borderNode":false,"modifiers":[],"state":"Normal","collapsingState":"EXPANDED","insideLabel":{"id":"42dee3a6-75f5-3d7c-9f80-d6609c6e9717","type":"label:inside-center","text":"attributes","insideLabelLocation":"TOP_CENTER","position":{"x":-1.0,"y":-1.0},"size":{"width":-1.0,"height":-1.0},"alignment":{"x":-1.0,"y":-1.0},"style":{"color":"#000000","fontSize":12,"bold":false,"italic":true,"underline":false,"strikeThrough":false,"iconURL":[]},"isHeader":true,"displayHeaderSeparator":false},"outsideLabels":[],"style":{"color":"transparent","borderColor":"#000000","borderSize":1,"borderRadius":0,"borderStyle":"Solid"},"childrenLayoutStrategy":{"areChildNodesDraggable":true,"kind":"List"},"position":{"x":-1.0,"y":-1.0},"size":{"width":125.0,"height":60.0},"userResizable":false,"borderNodes":[],"childNodes":[],"customizedProperties":[],"defaultWidth":125,"defaultHeight":60,"labelEditable":false,"pinned":false},{"id":"66217490-4b4e-3272-8b9b-3560090c0d72","type":"node:rectangle","targetObjectId":"caf98bfa-7263-40ad-91a7-614b372b0429","targetObjectKind":"siriusComponents://semantic?domain=sysml&entity=PartUsage","targetObjectLabel":"Light","descriptionId":"siriusComponents://nodeDescription?sourceKind=view&sourceId=8dcd14b0-6259-3193-ad2c-743f394c68e4&sourceElementId=71c08198-63c0-311d-b32c-fdfc0411686b","borderNode":false,"modifiers":[],"state":"Normal","collapsingState":"EXPANDED","insideLabel":{"id":"8e8c0736-6689-316e-a66b-81fab2c16f55","type":"label:inside-center","text":"ports","insideLabelLocation":"TOP_CENTER","position":{"x":-1.0,"y":-1.0},"size":{"width":-1.0,"height":-1.0},"alignment":{"x":-1.0,"y":-1.0},"style":{"color":"#000000","fontSize":12,"bold":false,"italic":true,"underline":false,"strikeThrough":false,"iconURL":[]},"isHeader":true,"displayHeaderSeparator":false},"outsideLabels":[],"style":{"color":"transparent","borderColor":"#000000","borderSize":1,"borderRadius":0,"borderStyle":"Solid"},"childrenLayoutStrategy":{"areChildNodesDraggable":true,"kind":"List"},"position":{"x":-1.0,"y":-1.0},"size":{"width":125.0,"height":60.0},"userResizable":false,"borderNodes":[],"childNodes":[{"id":"750df563-908f-3fff-a5ee-244a9666f1b2","type":"node:icon-label","targetObjectId":"e77b039d-5160-4310-b1cb-b724e9e3ca43","targetObjectKind":"siriusComponents://semantic?domain=sysml&entity=PortUsage","targetObjectLabel":"light","descriptionId":"siriusComponents://nodeDescription?sourceKind=view&sourceId=8dcd14b0-6259-3193-ad2c-743f394c68e4&sourceElementId=3d98a9af-46c7-3f6d-bff7-91493a4ee4bb","borderNode":false,"modifiers":[],"state":"Normal","collapsingState":"EXPANDED","insideLabel":{"id":"a8ce56ba-0fb8-3a17-9187-4f261392f38d","type":"label:inside-center","text":"light","insideLabelLocation":"TOP_CENTER","position":{"x":-1.0,"y":-1.0},"size":{"width":-1.0,"height":-1.0},"alignment":{"x":-1.0,"y":-1.0},"style":{"color":"#000000","fontSize":14,"bold":false,"italic":false,"underline":false,"strikeThrough":false,"iconURL":["/icons/full/obj16/PortUsage.svg"]},"isHeader":false,"displayHeaderSeparator":false},"outsideLabels":[],"style":{"backgroundColor":"transparent"},"childrenLayoutStrategy":null,"position":{"x":-1.0,"y":-1.0},"size":{"width":125.0,"height":15.0},"userResizable":false,"borderNodes":[],"childNodes":[],"customizedProperties":[],"defaultWidth":125,"defaultHeight":15,"labelEditable":true,"pinned":false}],"customizedProperties":[],"defaultWidth":125,"defaultHeight":60,"labelEditable":false,"pinned":false}],"customizedProperties":[],"defaultWidth":125,"defaultHeight":60,"labelEditable":true,"pinned":false},{"id":"9af1bc4c-6b2b-300c-94c3-367a74bd614f","type":"node:rectangle","targetObjectId":"c8fc9fc5-46c3-4dbf-bcc0-40171c095212","targetObjectKind":"siriusComponents://semantic?domain=sysml&entity=PartUsage","targetObjectLabel":"Timer","descriptionId":"siriusComponents://nodeDescription?sourceKind=view&sourceId=8dcd14b0-6259-3193-ad2c-743f394c68e4&sourceElementId=4de8539b-e23a-3a2c-a742-2d4051a5b3b6","borderNode":false,"modifiers":[],"state":"Normal","collapsingState":"EXPANDED","insideLabel":{"id":"1b7b4d65-e154-3177-9d47-91453a800e83","type":"label:inside-center","text":"«part»\nTimer","insideLabelLocation":"TOP_CENTER","position":{"x":-1.0,"y":-1.0},"size":{"width":-1.0,"height":-1.0},"alignment":{"x":-1.0,"y":-1.0},"style":{"color":"#000000","fontSize":14,"bold":false,"italic":false,"underline":false,"strikeThrough":false,"iconURL":["/icons/full/obj16/PartUsage.svg"]},"isHeader":true,"displayHeaderSeparator":true},"outsideLabels":[],"style":{"color":"#ffffff","borderColor":"#000000","borderSize":1,"borderRadius":10,"borderStyle":"Solid"},"childrenLayoutStrategy":{"areChildNodesDraggable":false,"kind":"List"},"position":{"x":-1.0,"y":-1.0},"size":{"width":125.0,"height":60.0},"userResizable":true,"borderNodes":[],"childNodes":[{"id":"057b5b83-f337-3cdc-b9a2-5ad68757bfce","type":"node:rectangle","targetObjectId":"c8fc9fc5-46c3-4dbf-bcc0-40171c095212","targetObjectKind":"siriusComponents://semantic?domain=sysml&entity=PartUsage","targetObjectLabel":"Timer","descriptionId":"siriusComponents://nodeDescription?sourceKind=view&sourceId=8dcd14b0-6259-3193-ad2c-743f394c68e4&sourceElementId=5424117f-36bb-3b74-bd99-e7e2efeed6c8","borderNode":false,"modifiers":[],"state":"Normal","collapsingState":"EXPANDED","insideLabel":{"id":"90590c13-981c-3a7e-b0fe-b3ea6b91f30d","type":"label:inside-center","text":"attributes","insideLabelLocation":"TOP_CENTER","position":{"x":-1.0,"y":-1.0},"size":{"width":-1.0,"height":-1.0},"alignment":{"x":-1.0,"y":-1.0},"style":{"color":"#000000","fontSize":12,"bold":false,"italic":true,"underline":false,"strikeThrough":false,"iconURL":[]},"isHeader":true,"displayHeaderSeparator":false},"outsideLabels":[],"style":{"color":"transparent","borderColor":"#000000","borderSize":1,"borderRadius":0,"borderStyle":"Solid"},"childrenLayoutStrategy":{"areChildNodesDraggable":true,"kind":"List"},"position":{"x":-1.0,"y":-1.0},"size":{"width":125.0,"height":60.0},"userResizable":false,"borderNodes":[],"childNodes":[],"customizedProperties":[],"defaultWidth":125,"defaultHeight":60,"labelEditable":false,"pinned":false},{"id":"9389a3ab-60bc-36b5-958c-98a048d7c301","type":"node:rectangle","targetObjectId":"c8fc9fc5-46c3-4dbf-bcc0-40171c095212","targetObjectKind":"siriusComponents://semantic?domain=sysml&entity=PartUsage","targetObjectLabel":"Timer","descriptionId":"siriusComponents://nodeDescription?sourceKind=view&sourceId=8dcd14b0-6259-3193-ad2c-743f394c68e4&sourceElementId=71c08198-63c0-311d-b32c-fdfc0411686b","borderNode":false,"modifiers":[],"state":"Normal","collapsingState":"EXPANDED","insideLabel":{"id":"dbecfb56-07a4-3f5c-a8a3-7d9f0a354529","type":"label:inside-center","text":"ports","insideLabelLocation":"TOP_CENTER","position":{"x":-1.0,"y":-1.0},"size":{"width":-1.0,"height":-1.0},"alignment":{"x":-1.0,"y":-1.0},"style":{"color":"#000000","fontSize":12,"bold":false,"italic":true,"underline":false,"strikeThrough":false,"iconURL":[]},"isHeader":true,"displayHeaderSeparator":false},"outsideLabels":[],"style":{"color":"transparent","borderColor":"#000000","borderSize":1,"borderRadius":0,"borderStyle":"Solid"},"childrenLayoutStrategy":{"areChildNodesDraggable":true,"kind":"List"},"position":{"x":-1.0,"y":-1.0},"size":{"width":125.0,"height":60.0},"userResizable":false,"borderNodes":[],"childNodes":[{"id":"362af7cf-e297-34f5-b192-721b024b3583","type":"node:icon-label","targetObjectId":"d1427708-8ae7-4ab9-ae27-e2a8d3c168a5","targetObjectKind":"siriusComponents://semantic?domain=sysml&entity=PortUsage","targetObjectLabel":"light","descriptionId":"siriusComponents://nodeDescription?sourceKind=view&sourceId=8dcd14b0-6259-3193-ad2c-743f394c68e4&sourceElementId=3d98a9af-46c7-3f6d-bff7-91493a4ee4bb","borderNode":false,"modifiers":[],"state":"Normal","collapsingState":"EXPANDED","insideLabel":{"id":"65196736-d4c6-3536-9410-ee2686308c4c","type":"label:inside-center","text":"light","insideLabelLocation":"TOP_CENTER","position":{"x":-1.0,"y":-1.0},"size":{"width":-1.0,"height":-1.0},"alignment":{"x":-1.0,"y":-1.0},"style":{"color":"#000000","fontSize":14,"bold":false,"italic":false,"underline":false,"strikeThrough":false,"iconURL":["/icons/full/obj16/PortUsage.svg"]},"isHeader":false,"displayHeaderSeparator":false},"outsideLabels":[],"style":{"backgroundColor":"transparent"},"childrenLayoutStrategy":null,"position":{"x":-1.0,"y":-1.0},"size":{"width":125.0,"height":15.0},"userResizable":false,"borderNodes":[],"childNodes":[],"customizedProperties":[],"defaultWidth":125,"defaultHeight":15,"labelEditable":true,"pinned":false},{"id":"b36c579a-c452-3c7b-a272-6ffe76622a62","type":"node:icon-label","targetObjectId":"f6d0b265-b6de-4f07-8976-5d6ca1479ff4","targetObjectKind":"siriusComponents://semantic?domain=sysml&entity=PortUsage","targetObjectLabel":"control","descriptionId":"siriusComponents://nodeDescription?sourceKind=view&sourceId=8dcd14b0-6259-3193-ad2c-743f394c68e4&sourceElementId=3d98a9af-46c7-3f6d-bff7-91493a4ee4bb","borderNode":false,"modifiers":[],"state":"Normal","collapsingState":"EXPANDED","insideLabel":{"id":"a715fc09-da94-30cb-810e-29c48bb832bb","type":"label:inside-center","text":"control","insideLabelLocation":"TOP_CENTER","position":{"x":-1.0,"y":-1.0},"size":{"width":-1.0,"height":-1.0},"alignment":{"x":-1.0,"y":-1.0},"style":{"color":"#000000","fontSize":14,"bold":false,"italic":false,"underline":false,"strikeThrough":false,"iconURL":["/icons/full/obj16/PortUsage.svg"]},"isHeader":false,"displayHeaderSeparator":false},"outsideLabels":[],"style":{"backgroundColor":"transparent"},"childrenLayoutStrategy":null,"position":{"x":-1.0,"y":-1.0},"size":{"width":125.0,"height":15.0},"userResizable":false,"borderNodes":[],"childNodes":[],"customizedProperties":[],"defaultWidth":125,"defaultHeight":15,"labelEditable":true,"pinned":false}],"customizedProperties":[],"defaultWidth":125,"defaultHeight":60,"labelEditable":false,"pinned":false}],"customizedProperties":[],"defaultWidth":125,"defaultHeight":60,"labelEditable":true,"pinned":false},{"id":"68160688-fa80-3e55-b966-d4d639332201","type":"node:rectangle","targetObjectId":"0f759c30-03eb-4ae8-90c0-037ec2ac5af5","targetObjectKind":"siriusComponents://semantic?domain=sysml&entity=PartUsage","targetObjectLabel":"Button","descriptionId":"siriusComponents://nodeDescription?sourceKind=view&sourceId=8dcd14b0-6259-3193-ad2c-743f394c68e4&sourceElementId=4de8539b-e23a-3a2c-a742-2d4051a5b3b6","borderNode":false,"modifiers":[],"state":"Normal","collapsingState":"EXPANDED","insideLabel":{"id":"e4860c56-363c-3c84-9a33-7e50a8cd396f","type":"label:inside-center","text":"«part»\nButton","insideLabelLocation":"TOP_CENTER","position":{"x":-1.0,"y":-1.0},"size":{"width":-1.0,"height":-1.0},"alignment":{"x":-1.0,"y":-1.0},"style":{"color":"#000000","fontSize":14,"bold":false,"italic":false,"underline":false,"strikeThrough":false,"iconURL":["/icons/full/obj16/PartUsage.svg"]},"isHeader":true,"displayHeaderSeparator":true},"outsideLabels":[],"style":{"color":"#ffffff","borderColor":"#000000","borderSize":1,"borderRadius":10,"borderStyle":"Solid"},"childrenLayoutStrategy":{"areChildNodesDraggable":false,"kind":"List"},"position":{"x":-1.0,"y":-1.0},"size":{"width":125.0,"height":60.0},"userResizable":true,"borderNodes":[],"childNodes":[{"id":"4b8523cb-4956-31e9-b151-2ae9c4b5878f","type":"node:rectangle","targetObjectId":"0f759c30-03eb-4ae8-90c0-037ec2ac5af5","targetObjectKind":"siriusComponents://semantic?domain=sysml&entity=PartUsage","targetObjectLabel":"Button","descriptionId":"siriusComponents://nodeDescription?sourceKind=view&sourceId=8dcd14b0-6259-3193-ad2c-743f394c68e4&sourceElementId=5424117f-36bb-3b74-bd99-e7e2efeed6c8","borderNode":false,"modifiers":[],"state":"Normal","collapsingState":"EXPANDED","insideLabel":{"id":"61e3df6d-bb0f-3abb-bf66-3b67c638bb8b","type":"label:inside-center","text":"attributes","insideLabelLocation":"TOP_CENTER","position":{"x":-1.0,"y":-1.0},"size":{"width":-1.0,"height":-1.0},"alignment":{"x":-1.0,"y":-1.0},"style":{"color":"#000000","fontSize":12,"bold":false,"italic":true,"underline":false,"strikeThrough":false,"iconURL":[]},"isHeader":true,"displayHeaderSeparator":false},"outsideLabels":[],"style":{"color":"transparent","borderColor":"#000000","borderSize":1,"borderRadius":0,"borderStyle":"Solid"},"childrenLayoutStrategy":{"areChildNodesDraggable":true,"kind":"List"},"position":{"x":-1.0,"y":-1.0},"size":{"width":125.0,"height":60.0},"userResizable":false,"borderNodes":[],"childNodes":[],"customizedProperties":[],"defaultWidth":125,"defaultHeight":60,"labelEditable":false,"pinned":false},{"id":"a1184c66-0ede-36f2-a3f0-9d388b219da8","type":"node:rectangle","targetObjectId":"0f759c30-03eb-4ae8-90c0-037ec2ac5af5","targetObjectKind":"siriusComponents://semantic?domain=sysml&entity=PartUsage","targetObjectLabel":"Button","descriptionId":"siriusComponents://nodeDescription?sourceKind=view&sourceId=8dcd14b0-6259-3193-ad2c-743f394c68e4&sourceElementId=71c08198-63c0-311d-b32c-fdfc0411686b","borderNode":false,"modifiers":[],"state":"Normal","collapsingState":"EXPANDED","insideLabel":{"id":"b6fa2908-1653-3e92-8c08-208638686626","type":"label:inside-center","text":"ports","insideLabelLocation":"TOP_CENTER","position":{"x":-1.0,"y":-1.0},"size":{"width":-1.0,"height":-1.0},"alignment":{"x":-1.0,"y":-1.0},"style":{"color":"#000000","fontSize":12,"bold":false,"italic":true,"underline":false,"strikeThrough":false,"iconURL":[]},"isHeader":true,"displayHeaderSeparator":false},"outsideLabels":[],"style":{"color":"transparent","borderColor":"#000000","borderSize":1,"borderRadius":0,"borderStyle":"Solid"},"childrenLayoutStrategy":{"areChildNodesDraggable":true,"kind":"List"},"position":{"x":-1.0,"y":-1.0},"size":{"width":125.0,"height":60.0},"userResizable":false,"borderNodes":[],"childNodes":[{"id":"4a76d5b9-845b-3030-8478-5ded00517200","type":"node:icon-label","targetObjectId":"a129f4cc-76e3-493c-9574-72c9f71ed48c","targetObjectKind":"siriusComponents://semantic?domain=sysml&entity=PortUsage","targetObjectLabel":"control","descriptionId":"siriusComponents://nodeDescription?sourceKind=view&sourceId=8dcd14b0-6259-3193-ad2c-743f394c68e4&sourceElementId=3d98a9af-46c7-3f6d-bff7-91493a4ee4bb","borderNode":false,"modifiers":[],"state":"Normal","collapsingState":"EXPANDED","insideLabel":{"id":"797396b7-5663-3ab3-964c-efff2f0d47b8","type":"label:inside-center","text":"control","insideLabelLocation":"TOP_CENTER","position":{"x":-1.0,"y":-1.0},"size":{"width":-1.0,"height":-1.0},"alignment":{"x":-1.0,"y":-1.0},"style":{"color":"#000000","fontSize":14,"bold":false,"italic":false,"underline":false,"strikeThrough":false,"iconURL":["/icons/full/obj16/PortUsage.svg"]},"isHeader":false,"displayHeaderSeparator":false},"outsideLabels":[],"style":{"backgroundColor":"transparent"},"childrenLayoutStrategy":null,"position":{"x":-1.0,"y":-1.0},"size":{"width":125.0,"height":15.0},"userResizable":false,"borderNodes":[],"childNodes":[],"customizedProperties":[],"defaultWidth":125,"defaultHeight":15,"labelEditable":true,"pinned":false}],"customizedProperties":[],"defaultWidth":125,"defaultHeight":60,"labelEditable":false,"pinned":false}],"customizedProperties":[],"defaultWidth":125,"defaultHeight":60,"labelEditable":true,"pinned":false},{"id":"774269ec-cc64-3d14-bb65-37ef22a86b47","type":"node:rectangle","targetObjectId":"4f61bbf7-dd95-4470-a46a-6438f837a1e9","targetObjectKind":"siriusComponents://semantic?domain=sysml&entity=PortDefinition","targetObjectLabel":"PortDefinition","descriptionId":"siriusComponents://nodeDescription?sourceKind=view&sourceId=8dcd14b0-6259-3193-ad2c-743f394c68e4&sourceElementId=600f8506-b8ad-3fa0-9e0c-47a9e38958ae","borderNode":false,"modifiers":[],"state":"Normal","collapsingState":"EXPANDED","insideLabel":{"id":"e7d6e19f-1f04-3c69-9422-8213f5b0b3b0","type":"label:inside-center","text":"«port def»\nPortDefinition","insideLabelLocation":"TOP_CENTER","position":{"x":-1.0,"y":-1.0},"size":{"width":-1.0,"height":-1.0},"alignment":{"x":-1.0,"y":-1.0},"style":{"color":"#000000","fontSize":14,"bold":false,"italic":false,"underline":false,"strikeThrough":false,"iconURL":["/icons/full/obj16/PortDefinition.svg"]},"isHeader":true,"displayHeaderSeparator":true},"outsideLabels":[],"style":{"color":"#ffffff","borderColor":"#000000","borderSize":1,"borderRadius":0,"borderStyle":"Solid"},"childrenLayoutStrategy":{"areChildNodesDraggable":false,"kind":"List"},"position":{"x":-1.0,"y":-1.0},"size":{"width":125.0,"height":60.0},"userResizable":true,"borderNodes":[],"childNodes":[{"id":"4116707c-c5ad-37ee-94c6-3956cd3e9e02","type":"node:rectangle","targetObjectId":"4f61bbf7-dd95-4470-a46a-6438f837a1e9","targetObjectKind":"siriusComponents://semantic?domain=sysml&entity=PortDefinition","targetObjectLabel":"PortDefinition","descriptionId":"siriusComponents://nodeDescription?sourceKind=view&sourceId=8dcd14b0-6259-3193-ad2c-743f394c68e4&sourceElementId=606f91e9-a68d-3c86-93cb-14a1199b8bcd","borderNode":false,"modifiers":[],"state":"Normal","collapsingState":"EXPANDED","insideLabel":{"id":"d4b3ecc1-a2c3-340a-8811-efa2075aa3b8","type":"label:inside-center","text":"attributes","insideLabelLocation":"TOP_CENTER","position":{"x":-1.0,"y":-1.0},"size":{"width":-1.0,"height":-1.0},"alignment":{"x":-1.0,"y":-1.0},"style":{"color":"#000000","fontSize":12,"bold":false,"italic":true,"underline":false,"strikeThrough":false,"iconURL":[]},"isHeader":true,"displayHeaderSeparator":false},"outsideLabels":[],"style":{"color":"transparent","borderColor":"#000000","borderSize":1,"borderRadius":0,"borderStyle":"Solid"},"childrenLayoutStrategy":{"areChildNodesDraggable":true,"kind":"List"},"position":{"x":-1.0,"y":-1.0},"size":{"width":125.0,"height":60.0},"userResizable":false,"borderNodes":[],"childNodes":[],"customizedProperties":[],"defaultWidth":125,"defaultHeight":60,"labelEditable":false,"pinned":false},{"id":"45e14760-ea36-35b6-b61f-37a248efaaf5","type":"node:rectangle","targetObjectId":"4f61bbf7-dd95-4470-a46a-6438f837a1e9","targetObjectKind":"siriusComponents://semantic?domain=sysml&entity=PortDefinition","targetObjectLabel":"PortDefinition","descriptionId":"siriusComponents://nodeDescription?sourceKind=view&sourceId=8dcd14b0-6259-3193-ad2c-743f394c68e4&sourceElementId=a4b60295-fb72-3b83-94df-152b160967f2","borderNode":false,"modifiers":[],"state":"Normal","collapsingState":"EXPANDED","insideLabel":{"id":"18703937-e2e0-3281-a367-bdfa9326c5ed","type":"label:inside-center","text":"items","insideLabelLocation":"TOP_CENTER","position":{"x":-1.0,"y":-1.0},"size":{"width":-1.0,"height":-1.0},"alignment":{"x":-1.0,"y":-1.0},"style":{"color":"#000000","fontSize":12,"bold":false,"italic":true,"underline":false,"strikeThrough":false,"iconURL":[]},"isHeader":true,"displayHeaderSeparator":false},"outsideLabels":[],"style":{"color":"transparent","borderColor":"#000000","borderSize":1,"borderRadius":0,"borderStyle":"Solid"},"childrenLayoutStrategy":{"areChildNodesDraggable":true,"kind":"List"},"position":{"x":-1.0,"y":-1.0},"size":{"width":125.0,"height":60.0},"userResizable":false,"borderNodes":[],"childNodes":[],"customizedProperties":[],"defaultWidth":125,"defaultHeight":60,"labelEditable":false,"pinned":false}],"customizedProperties":[],"defaultWidth":125,"defaultHeight":60,"labelEditable":true,"pinned":false},{"id":"96c2b008-50bf-3dfa-b76e-cba7a53c47cb","type":"node:rectangle","targetObjectId":"e77b039d-5160-4310-b1cb-b724e9e3ca43","targetObjectKind":"siriusComponents://semantic?domain=sysml&entity=PortUsage","targetObjectLabel":"light","descriptionId":"siriusComponents://nodeDescription?sourceKind=view&sourceId=8dcd14b0-6259-3193-ad2c-743f394c68e4&sourceElementId=9f9f58ba-521e-3142-87a3-45bb13285379","borderNode":false,"modifiers":[],"state":"Normal","collapsingState":"EXPANDED","insideLabel":{"id":"4b62f551-c065-3845-960d-ad64f69bbb9c","type":"label:inside-center","text":"«port»\n","insideLabelLocation":"TOP_CENTER","position":{"x":-1.0,"y":-1.0},"size":{"width":-1.0,"height":-1.0},"alignment":{"x":-1.0,"y":-1.0},"style":{"color":"#000000","fontSize":14,"bold":false,"italic":false,"underline":false,"strikeThrough":false,"iconURL":["/icons/full/obj16/PortUsage.svg"]},"isHeader":true,"displayHeaderSeparator":true},"outsideLabels":[],"style":{"color":"#ffffff","borderColor":"#000000","borderSize":1,"borderRadius":10,"borderStyle":"Solid"},"childrenLayoutStrategy":{"areChildNodesDraggable":false,"kind":"List"},"position":{"x":-1.0,"y":-1.0},"size":{"width":125.0,"height":60.0},"userResizable":true,"borderNodes":[],"childNodes":[{"id":"d74bd986-0264-37ce-8644-c4d9b28f8f5b","type":"node:rectangle","targetObjectId":"e77b039d-5160-4310-b1cb-b724e9e3ca43","targetObjectKind":"siriusComponents://semantic?domain=sysml&entity=PortUsage","targetObjectLabel":"light","descriptionId":"siriusComponents://nodeDescription?sourceKind=view&sourceId=8dcd14b0-6259-3193-ad2c-743f394c68e4&sourceElementId=5424117f-36bb-3b74-bd99-e7e2efeed6c8","borderNode":false,"modifiers":[],"state":"Normal","collapsingState":"EXPANDED","insideLabel":{"id":"eba740ab-c959-3dbc-8077-1e341303a382","type":"label:inside-center","text":"attributes","insideLabelLocation":"TOP_CENTER","position":{"x":-1.0,"y":-1.0},"size":{"width":-1.0,"height":-1.0},"alignment":{"x":-1.0,"y":-1.0},"style":{"color":"#000000","fontSize":12,"bold":false,"italic":true,"underline":false,"strikeThrough":false,"iconURL":[]},"isHeader":true,"displayHeaderSeparator":false},"outsideLabels":[],"style":{"color":"transparent","borderColor":"#000000","borderSize":1,"borderRadius":0,"borderStyle":"Solid"},"childrenLayoutStrategy":{"areChildNodesDraggable":true,"kind":"List"},"position":{"x":-1.0,"y":-1.0},"size":{"width":125.0,"height":60.0},"userResizable":false,"borderNodes":[],"childNodes":[],"customizedProperties":[],"defaultWidth":125,"defaultHeight":60,"labelEditable":false,"pinned":false}],"customizedProperties":[],"defaultWidth":125,"defaultHeight":60,"labelEditable":true,"pinned":false},{"id":"4108f67f-7c1f-3357-be96-87380dd5d6c5","type":"node:rectangle","targetObjectId":"d1427708-8ae7-4ab9-ae27-e2a8d3c168a5","targetObjectKind":"siriusComponents://semantic?domain=sysml&entity=PortUsage","targetObjectLabel":"light","descriptionId":"siriusComponents://nodeDescription?sourceKind=view&sourceId=8dcd14b0-6259-3193-ad2c-743f394c68e4&sourceElementId=9f9f58ba-521e-3142-87a3-45bb13285379","borderNode":false,"modifiers":[],"state":"Normal","collapsingState":"EXPANDED","insideLabel":{"id":"4f523e38-fa49-3e4a-ad68-f01b50451aa8","type":"label:inside-center","text":"«port»\n","insideLabelLocation":"TOP_CENTER","position":{"x":-1.0,"y":-1.0},"size":{"width":-1.0,"height":-1.0},"alignment":{"x":-1.0,"y":-1.0},"style":{"color":"#000000","fontSize":14,"bold":false,"italic":false,"underline":false,"strikeThrough":false,"iconURL":["/icons/full/obj16/PortUsage.svg"]},"isHeader":true,"displayHeaderSeparator":true},"outsideLabels":[],"style":{"color":"#ffffff","borderColor":"#000000","borderSize":1,"borderRadius":10,"borderStyle":"Solid"},"childrenLayoutStrategy":{"areChildNodesDraggable":false,"kind":"List"},"position":{"x":-1.0,"y":-1.0},"size":{"width":125.0,"height":60.0},"userResizable":true,"borderNodes":[],"childNodes":[{"id":"7e5b637f-2df7-3cd3-948a-37c57d1d3c89","type":"node:rectangle","targetObjectId":"d1427708-8ae7-4ab9-ae27-e2a8d3c168a5","targetObjectKind":"siriusComponents://semantic?domain=sysml&entity=PortUsage","targetObjectLabel":"light","descriptionId":"siriusComponents://nodeDescription?sourceKind=view&sourceId=8dcd14b0-6259-3193-ad2c-743f394c68e4&sourceElementId=5424117f-36bb-3b74-bd99-e7e2efeed6c8","borderNode":false,"modifiers":[],"state":"Normal","collapsingState":"EXPANDED","insideLabel":{"id":"72cc74a5-8bf6-3c62-b7e0-735b39d8b26a","type":"label:inside-center","text":"attributes","insideLabelLocation":"TOP_CENTER","position":{"x":-1.0,"y":-1.0},"size":{"width":-1.0,"height":-1.0},"alignment":{"x":-1.0,"y":-1.0},"style":{"color":"#000000","fontSize":12,"bold":false,"italic":true,"underline":false,"strikeThrough":false,"iconURL":[]},"isHeader":true,"displayHeaderSeparator":false},"outsideLabels":[],"style":{"color":"transparent","borderColor":"#000000","borderSize":1,"borderRadius":0,"borderStyle":"Solid"},"childrenLayoutStrategy":{"areChildNodesDraggable":true,"kind":"List"},"position":{"x":-1.0,"y":-1.0},"size":{"width":125.0,"height":60.0},"userResizable":false,"borderNodes":[],"childNodes":[],"customizedProperties":[],"defaultWidth":125,"defaultHeight":60,"labelEditable":false,"pinned":false}],"customizedProperties":[],"defaultWidth":125,"defaultHeight":60,"labelEditable":true,"pinned":false},{"id":"a3b93511-42cd-3e4f-b9ec-5b320284a91c","type":"node:rectangle","targetObjectId":"f6d0b265-b6de-4f07-8976-5d6ca1479ff4","targetObjectKind":"siriusComponents://semantic?domain=sysml&entity=PortUsage","targetObjectLabel":"control","descriptionId":"siriusComponents://nodeDescription?sourceKind=view&sourceId=8dcd14b0-6259-3193-ad2c-743f394c68e4&sourceElementId=9f9f58ba-521e-3142-87a3-45bb13285379","borderNode":false,"modifiers":[],"state":"Normal","collapsingState":"EXPANDED","insideLabel":{"id":"210ae153-dde0-3a3f-bf20-09b51d40da26","type":"label:inside-center","text":"«port»\n","insideLabelLocation":"TOP_CENTER","position":{"x":-1.0,"y":-1.0},"size":{"width":-1.0,"height":-1.0},"alignment":{"x":-1.0,"y":-1.0},"style":{"color":"#000000","fontSize":14,"bold":false,"italic":false,"underline":false,"strikeThrough":false,"iconURL":["/icons/full/obj16/PortUsage.svg"]},"isHeader":true,"displayHeaderSeparator":true},"outsideLabels":[],"style":{"color":"#ffffff","borderColor":"#000000","borderSize":1,"borderRadius":10,"borderStyle":"Solid"},"childrenLayoutStrategy":{"areChildNodesDraggable":false,"kind":"List"},"position":{"x":-1.0,"y":-1.0},"size":{"width":125.0,"height":60.0},"userResizable":true,"borderNodes":[],"childNodes":[{"id":"9dfc66e3-074f-34f3-b48f-71e62b8aaa94","type":"node:rectangle","targetObjectId":"f6d0b265-b6de-4f07-8976-5d6ca1479ff4","targetObjectKind":"siriusComponents://semantic?domain=sysml&entity=PortUsage","targetObjectLabel":"control","descriptionId":"siriusComponents://nodeDescription?sourceKind=view&sourceId=8dcd14b0-6259-3193-ad2c-743f394c68e4&sourceElementId=5424117f-36bb-3b74-bd99-e7e2efeed6c8","borderNode":false,"modifiers":[],"state":"Normal","collapsingState":"EXPANDED","insideLabel":{"id":"e04c3854-517e-38b1-98c1-82a5a408a27e","type":"label:inside-center","text":"attributes","insideLabelLocation":"TOP_CENTER","position":{"x":-1.0,"y":-1.0},"size":{"width":-1.0,"height":-1.0},"alignment":{"x":-1.0,"y":-1.0},"style":{"color":"#000000","fontSize":12,"bold":false,"italic":true,"underline":false,"strikeThrough":false,"iconURL":[]},"isHeader":true,"displayHeaderSeparator":false},"outsideLabels":[],"style":{"color":"transparent","borderColor":"#000000","borderSize":1,"borderRadius":0,"borderStyle":"Solid"},"childrenLayoutStrategy":{"areChildNodesDraggable":true,"kind":"List"},"position":{"x":-1.0,"y":-1.0},"size":{"width":125.0,"height":60.0},"userResizable":false,"borderNodes":[],"childNodes":[],"customizedProperties":[],"defaultWidth":125,"defaultHeight":60,"labelEditable":false,"pinned":false}],"customizedProperties":[],"defaultWidth":125,"defaultHeight":60,"labelEditable":true,"pinned":false},{"id":"1b4f5b46-869c-3c23-b97a-0443adbe46d4","type":"node:rectangle","targetObjectId":"a129f4cc-76e3-493c-9574-72c9f71ed48c","targetObjectKind":"siriusComponents://semantic?domain=sysml&entity=PortUsage","targetObjectLabel":"control","descriptionId":"siriusComponents://nodeDescription?sourceKind=view&sourceId=8dcd14b0-6259-3193-ad2c-743f394c68e4&sourceElementId=9f9f58ba-521e-3142-87a3-45bb13285379","borderNode":false,"modifiers":[],"state":"Normal","collapsingState":"EXPANDED","insideLabel":{"id":"ea17c7ef-9bd6-3e07-98d6-df2df169ed4d","type":"label:inside-center","text":"«port»\n","insideLabelLocation":"TOP_CENTER","position":{"x":-1.0,"y":-1.0},"size":{"width":-1.0,"height":-1.0},"alignment":{"x":-1.0,"y":-1.0},"style":{"color":"#000000","fontSize":14,"bold":false,"italic":false,"underline":false,"strikeThrough":false,"iconURL":["/icons/full/obj16/PortUsage.svg"]},"isHeader":true,"displayHeaderSeparator":true},"outsideLabels":[],"style":{"color":"#ffffff","borderColor":"#000000","borderSize":1,"borderRadius":10,"borderStyle":"Solid"},"childrenLayoutStrategy":{"areChildNodesDraggable":false,"kind":"List"},"position":{"x":-1.0,"y":-1.0},"size":{"width":125.0,"height":60.0},"userResizable":true,"borderNodes":[],"childNodes":[{"id":"b24a2854-a1bf-3d44-ad2c-827a58843a6f","type":"node:rectangle","targetObjectId":"a129f4cc-76e3-493c-9574-72c9f71ed48c","targetObjectKind":"siriusComponents://semantic?domain=sysml&entity=PortUsage","targetObjectLabel":"control","descriptionId":"siriusComponents://nodeDescription?sourceKind=view&sourceId=8dcd14b0-6259-3193-ad2c-743f394c68e4&sourceElementId=5424117f-36bb-3b74-bd99-e7e2efeed6c8","borderNode":false,"modifiers":[],"state":"Normal","collapsingState":"EXPANDED","insideLabel":{"id":"4eea00c7-eb50-3a85-83e1-8e1b14b07f07","type":"label:inside-center","text":"attributes","insideLabelLocation":"TOP_CENTER","position":{"x":-1.0,"y":-1.0},"size":{"width":-1.0,"height":-1.0},"alignment":{"x":-1.0,"y":-1.0},"style":{"color":"#000000","fontSize":12,"bold":false,"italic":true,"underline":false,"strikeThrough":false,"iconURL":[]},"isHeader":true,"displayHeaderSeparator":false},"outsideLabels":[],"style":{"color":"transparent","borderColor":"#000000","borderSize":1,"borderRadius":0,"borderStyle":"Solid"},"childrenLayoutStrategy":{"areChildNodesDraggable":true,"kind":"List"},"position":{"x":-1.0,"y":-1.0},"size":{"width":125.0,"height":60.0},"userResizable":false,"borderNodes":[],"childNodes":[],"customizedProperties":[],"defaultWidth":125,"defaultHeight":60,"labelEditable":false,"pinned":false}],"customizedProperties":[],"defaultWidth":125,"defaultHeight":60,"labelEditable":true,"pinned":false}],"edges":[{"id":"06ff58a2-4f46-375a-884a-b6fe004cb152","type":"edge:straight","targetObjectId":"85a733c2-f4a3-4d47-9ebb-ac6425012c3c","targetObjectKind":"siriusComponents://semantic?domain=sysml&entity=PartDefinition","targetObjectLabel":"FlashLight","descriptionId":"siriusComponents://edgeDescription?sourceKind=view&sourceId=8dcd14b0-6259-3193-ad2c-743f394c68e4&sourceElementId=262fe9c3-0eaa-362b-9e80-1b920e7bb5b7","beginLabel":null,"centerLabel":{"id":"d0d42a95-df45-384a-999b-5c9760f2ff86","type":"label:edge-center","text":"","position":{"x":-1.0,"y":-1.0},"size":{"width":-1.0,"height":-1.0},"alignment":{"x":-1.0,"y":-1.0},"style":{"color":"#000000","fontSize":14,"bold":false,"italic":false,"underline":false,"strikeThrough":false,"iconURL":[]}},"endLabel":null,"sourceId":"7a8778c7-d459-393a-b3d1-76482a1480c0","targetId":"27ffd1ae-328e-38e6-a238-44ab09237974","modifiers":[],"state":"Normal","style":{"size":1,"lineStyle":"Solid","sourceArrow":"FillDiamond","targetArrow":"None","color":"#000000"},"routingPoints":[],"sourceAnchorRelativePosition":{"x":-1.0,"y":-1.0},"targetAnchorRelativePosition":{"x":-1.0,"y":-1.0},"centerLabelEditable":true},{"id":"6ed67b1b-de71-3aa9-92b6-0eda51a3968c","type":"edge:straight","targetObjectId":"85a733c2-f4a3-4d47-9ebb-ac6425012c3c","targetObjectKind":"siriusComponents://semantic?domain=sysml&entity=PartDefinition","targetObjectLabel":"FlashLight","descriptionId":"siriusComponents://edgeDescription?sourceKind=view&sourceId=8dcd14b0-6259-3193-ad2c-743f394c68e4&sourceElementId=262fe9c3-0eaa-362b-9e80-1b920e7bb5b7","beginLabel":null,"centerLabel":{"id":"1d854081-14eb-32e8-bbe7-4550bb5bf01d","type":"label:edge-center","text":"","position":{"x":-1.0,"y":-1.0},"size":{"width":-1.0,"height":-1.0},"alignment":{"x":-1.0,"y":-1.0},"style":{"color":"#000000","fontSize":14,"bold":false,"italic":false,"underline":false,"strikeThrough":false,"iconURL":[]}},"endLabel":null,"sourceId":"7a8778c7-d459-393a-b3d1-76482a1480c0","targetId":"9af1bc4c-6b2b-300c-94c3-367a74bd614f","modifiers":[],"state":"Normal","style":{"size":1,"lineStyle":"Solid","sourceArrow":"FillDiamond","targetArrow":"None","color":"#000000"},"routingPoints":[],"sourceAnchorRelativePosition":{"x":-1.0,"y":-1.0},"targetAnchorRelativePosition":{"x":-1.0,"y":-1.0},"centerLabelEditable":true},{"id":"f6e90f42-5be4-38d0-9408-1460628b8cfa","type":"edge:straight","targetObjectId":"85a733c2-f4a3-4d47-9ebb-ac6425012c3c","targetObjectKind":"siriusComponents://semantic?domain=sysml&entity=PartDefinition","targetObjectLabel":"FlashLight","descriptionId":"siriusComponents://edgeDescription?sourceKind=view&sourceId=8dcd14b0-6259-3193-ad2c-743f394c68e4&sourceElementId=262fe9c3-0eaa-362b-9e80-1b920e7bb5b7","beginLabel":null,"centerLabel":{"id":"b2469a99-5703-3140-8c3a-2e3b18b3fbe3","type":"label:edge-center","text":"","position":{"x":-1.0,"y":-1.0},"size":{"width":-1.0,"height":-1.0},"alignment":{"x":-1.0,"y":-1.0},"style":{"color":"#000000","fontSize":14,"bold":false,"italic":false,"underline":false,"strikeThrough":false,"iconURL":[]}},"endLabel":null,"sourceId":"7a8778c7-d459-393a-b3d1-76482a1480c0","targetId":"68160688-fa80-3e55-b966-d4d639332201","modifiers":[],"state":"Normal","style":{"size":1,"lineStyle":"Solid","sourceArrow":"FillDiamond","targetArrow":"None","color":"#000000"},"routingPoints":[],"sourceAnchorRelativePosition":{"x":-1.0,"y":-1.0},"targetAnchorRelativePosition":{"x":-1.0,"y":-1.0},"centerLabelEditable":true},{"id":"d90d1f26-92fd-3b08-b1c0-0a3ba44e99dc","type":"edge:straight","targetObjectId":"a8af1548-f107-49d2-a645-fc2ad7be58f3","targetObjectKind":"siriusComponents://semantic?domain=sysml&entity=Dependency","targetObjectLabel":"dependency","descriptionId":"siriusComponents://edgeDescription?sourceKind=view&sourceId=8dcd14b0-6259-3193-ad2c-743f394c68e4&sourceElementId=6dff6ece-41e9-300b-b32f-3c5a416367ac","beginLabel":null,"centerLabel":null,"endLabel":null,"sourceId":"1b4f5b46-869c-3c23-b97a-0443adbe46d4","targetId":"774269ec-cc64-3d14-bb65-37ef22a86b47","modifiers":[],"state":"Normal","style":{"size":1,"lineStyle":"Dash","sourceArrow":"None","targetArrow":"InputArrow","color":"#000000"},"routingPoints":[],"sourceAnchorRelativePosition":{"x":-1.0,"y":-1.0},"targetAnchorRelativePosition":{"x":-1.0,"y":-1.0},"centerLabelEditable":false},{"id":"1a31909b-9c8d-3fa9-b548-77df80654abd","type":"edge:straight","targetObjectId":"8e0d2241-43f7-4add-ab26-c7653ae98223","targetObjectKind":"siriusComponents://semantic?domain=sysml&entity=Dependency","targetObjectLabel":"dependency","descriptionId":"siriusComponents://edgeDescription?sourceKind=view&sourceId=8dcd14b0-6259-3193-ad2c-743f394c68e4&sourceElementId=6dff6ece-41e9-300b-b32f-3c5a416367ac","beginLabel":null,"centerLabel":null,"endLabel":null,"sourceId":"a3b93511-42cd-3e4f-b9ec-5b320284a91c","targetId":"774269ec-cc64-3d14-bb65-37ef22a86b47","modifiers":[],"state":"Normal","style":{"size":1,"lineStyle":"Dash","sourceArrow":"None","targetArrow":"InputArrow","color":"#000000"},"routingPoints":[],"sourceAnchorRelativePosition":{"x":-1.0,"y":-1.0},"targetAnchorRelativePosition":{"x":-1.0,"y":-1.0},"centerLabelEditable":false},{"id":"69d82e92-e6a7-3ccc-954b-da23d59f29f0","type":"edge:straight","targetObjectId":"4d8a706d-8eb4-425f-b6bd-2111f9a4c99d","targetObjectKind":"siriusComponents://semantic?domain=sysml&entity=Dependency","targetObjectLabel":"dependency","descriptionId":"siriusComponents://edgeDescription?sourceKind=view&sourceId=8dcd14b0-6259-3193-ad2c-743f394c68e4&sourceElementId=6dff6ece-41e9-300b-b32f-3c5a416367ac","beginLabel":null,"centerLabel":null,"endLabel":null,"sourceId":"96c2b008-50bf-3dfa-b76e-cba7a53c47cb","targetId":"774269ec-cc64-3d14-bb65-37ef22a86b47","modifiers":[],"state":"Normal","style":{"size":1,"lineStyle":"Dash","sourceArrow":"None","targetArrow":"InputArrow","color":"#000000"},"routingPoints":[],"sourceAnchorRelativePosition":{"x":-1.0,"y":-1.0},"targetAnchorRelativePosition":{"x":-1.0,"y":-1.0},"centerLabelEditable":false},{"id":"8242b2e0-8558-38b7-8c17-4c23ed828e77","type":"edge:straight","targetObjectId":"321eb38b-1932-4b35-9f80-6afccae6604a","targetObjectKind":"siriusComponents://semantic?domain=sysml&entity=Dependency","targetObjectLabel":"dependency","descriptionId":"siriusComponents://edgeDescription?sourceKind=view&sourceId=8dcd14b0-6259-3193-ad2c-743f394c68e4&sourceElementId=6dff6ece-41e9-300b-b32f-3c5a416367ac","beginLabel":null,"centerLabel":null,"endLabel":null,"sourceId":"4108f67f-7c1f-3357-be96-87380dd5d6c5","targetId":"774269ec-cc64-3d14-bb65-37ef22a86b47","modifiers":[],"state":"Normal","style":{"size":1,"lineStyle":"Dash","sourceArrow":"None","targetArrow":"InputArrow","color":"#000000"},"routingPoints":[],"sourceAnchorRelativePosition":{"x":-1.0,"y":-1.0},"targetAnchorRelativePosition":{"x":-1.0,"y":-1.0},"centerLabelEditable":false}],"layoutData":{"nodeLayoutData":{"362af7cf-e297-34f5-b192-721b024b3583":{"id":"362af7cf-e297-34f5-b192-721b024b3583","position":{"x":0.740741,"y":33.88889239770508},"size":{"width":125.0,"height":20.023149490356445},"resizedByUser":false},"96c2b008-50bf-3dfa-b76e-cba7a53c47cb":{"id":"96c2b008-50bf-3dfa-b76e-cba7a53c47cb","position":{"x":-41.999999999999986,"y":65.00000000000001},"size":{"width":126.481482,"height":98.24074408496094},"resizedByUser":false},"68160688-fa80-3e55-b966-d4d639332201":{"id":"68160688-fa80-3e55-b966-d4d639332201","position":{"x":741.0,"y":104.91018371582032},"size":{"width":126.481482,"height":178.26389166796878},"resizedByUser":false},"7a8778c7-d459-393a-b3d1-76482a1480c0":{"id":"7a8778c7-d459-393a-b3d1-76482a1480c0","position":{"x":402.0,"y":56.5},"size":{"width":126.481482,"height":178.26389166796878},"resizedByUser":false},"b36c579a-c452-3c7b-a272-6ffe76622a62":{"id":"b36c579a-c452-3c7b-a272-6ffe76622a62","position":{"x":0.740741,"y":53.91204188806152},"size":{"width":125.0,"height":20.023149490356445},"resizedByUser":false},"4a76d5b9-845b-3030-8478-5ded00517200":{"id":"4a76d5b9-845b-3030-8478-5ded00517200","position":{"x":0.740741,"y":33.88889239770508},"size":{"width":125.0,"height":20.023149490356445},"resizedByUser":false},"4108f67f-7c1f-3357-be96-87380dd5d6c5":{"id":"4108f67f-7c1f-3357-be96-87380dd5d6c5","position":{"x":-132.0,"y":330.0},"size":{"width":126.481482,"height":98.24074408496094},"resizedByUser":false},"057b5b83-f337-3cdc-b9a2-5ad68757bfce":{"id":"057b5b83-f337-3cdc-b9a2-5ad68757bfce","position":{"x":0.740741,"y":57.52315066796875},"size":{"width":125.0,"height":60.0},"resizedByUser":false},"4b8523cb-4956-31e9-b151-2ae9c4b5878f":{"id":"4b8523cb-4956-31e9-b151-2ae9c4b5878f","position":{"x":0.740741,"y":57.52315066796875},"size":{"width":125.0,"height":60.0},"resizedByUser":false},"7e5b637f-2df7-3cd3-948a-37c57d1d3c89":{"id":"7e5b637f-2df7-3cd3-948a-37c57d1d3c89","position":{"x":0.740741,"y":37.50000308496094},"size":{"width":125.0,"height":60.0},"resizedByUser":false},"4ef26efc-2a6b-3226-8c03-01d126a1ccab":{"id":"4ef26efc-2a6b-3226-8c03-01d126a1ccab","position":{"x":0.740741,"y":57.52315066796875},"size":{"width":125.0,"height":60.0},"resizedByUser":false},"df6ee452-7382-3bef-b67c-27f099b7bec8":{"id":"df6ee452-7382-3bef-b67c-27f099b7bec8","position":{"x":0.740741,"y":57.52315066796875},"size":{"width":125.0,"height":60.0},"resizedByUser":false},"1b4f5b46-869c-3c23-b97a-0443adbe46d4":{"id":"1b4f5b46-869c-3c23-b97a-0443adbe46d4","position":{"x":-85.0,"y":520.0},"size":{"width":126.481482,"height":98.24074408496094},"resizedByUser":false},"d74bd986-0264-37ce-8644-c4d9b28f8f5b":{"id":"d74bd986-0264-37ce-8644-c4d9b28f8f5b","position":{"x":0.740741,"y":37.50000308496094},"size":{"width":125.0,"height":60.0},"resizedByUser":false},"27ffd1ae-328e-38e6-a238-44ab09237974":{"id":"27ffd1ae-328e-38e6-a238-44ab09237974","position":{"x":599.0,"y":424.99999999999994},"size":{"width":126.481482,"height":178.26389166796878},"resizedByUser":false},"45e14760-ea36-35b6-b61f-37a248efaaf5":{"id":"45e14760-ea36-35b6-b61f-37a248efaaf5","position":{"x":0.740741,"y":117.52315066796875},"size":{"width":142.08334350585938,"height":60.0},"resizedByUser":false},"9389a3ab-60bc-36b5-958c-98a048d7c301":{"id":"9389a3ab-60bc-36b5-958c-98a048d7c301","position":{"x":0.740741,"y":117.52315066796875},"size":{"width":125.0,"height":74.67593237841797},"resizedByUser":false},"774269ec-cc64-3d14-bb65-37ef22a86b47":{"id":"774269ec-cc64-3d14-bb65-37ef22a86b47","position":{"x":219.0,"y":201.8},"size":{"width":143.56482550585937,"height":178.26389166796878},"resizedByUser":false},"a1184c66-0ede-36f2-a3f0-9d388b219da8":{"id":"a1184c66-0ede-36f2-a3f0-9d388b219da8","position":{"x":0.740741,"y":117.52315066796875},"size":{"width":125.0,"height":60.0},"resizedByUser":false},"9dfc66e3-074f-34f3-b48f-71e62b8aaa94":{"id":"9dfc66e3-074f-34f3-b48f-71e62b8aaa94","position":{"x":0.740741,"y":37.50000308496094},"size":{"width":125.0,"height":60.0},"resizedByUser":false},"66217490-4b4e-3272-8b9b-3560090c0d72":{"id":"66217490-4b4e-3272-8b9b-3560090c0d72","position":{"x":0.740741,"y":117.52315066796875},"size":{"width":125.0,"height":60.0},"resizedByUser":false},"9af1bc4c-6b2b-300c-94c3-367a74bd614f":{"id":"9af1bc4c-6b2b-300c-94c3-367a74bd614f","position":{"x":399.0,"y":495.0},"size":{"width":126.481482,"height":192.93982404638672},"resizedByUser":false},"a3b93511-42cd-3e4f-b9ec-5b320284a91c":{"id":"a3b93511-42cd-3e4f-b9ec-5b320284a91c","position":{"x":-120.0,"y":199.0},"size":{"width":126.481482,"height":98.24074408496094},"resizedByUser":false},"4116707c-c5ad-37ee-94c6-3956cd3e9e02":{"id":"4116707c-c5ad-37ee-94c6-3956cd3e9e02","position":{"x":0.740741,"y":57.52315066796875},"size":{"width":142.08334350585938,"height":60.0},"resizedByUser":false},"cfbec62d-8202-31d8-b1f4-5b758d34ebd1":{"id":"cfbec62d-8202-31d8-b1f4-5b758d34ebd1","position":{"x":0.740741,"y":117.52315066796875},"size":{"width":125.0,"height":60.0},"resizedByUser":false},"750df563-908f-3fff-a5ee-244a9666f1b2":{"id":"750df563-908f-3fff-a5ee-244a9666f1b2","position":{"x":0.740741,"y":33.88889239770508},"size":{"width":125.0,"height":20.023149490356445},"resizedByUser":false},"b24a2854-a1bf-3d44-ad2c-827a58843a6f":{"id":"b24a2854-a1bf-3d44-ad2c-827a58843a6f","position":{"x":0.740741,"y":37.50000308496094},"size":{"width":125.0,"height":60.0},"resizedByUser":false}},"edgeLayoutData":{},"labelLayoutData":{}}}}